t,phase,h,v,mach,q,drag,thrust,weight,mass,accel,accel_g,TW,T,T_C,p,p_kPa,rho,a_snd,mu,nu,sigma,delta,Re_body,Re_fin
0,boost,0.0,0.0,0.0,0.0,0.0,79.9,13.160524,1.342,49.731353,5.071187,6.071187,288.15,15.0,101325.0,101.325,1.225,340.293988,1.8e-05,1.5e-05,1.0,1.0,0.0,0.0
0.0502,boost,0.062946,2.498578,0.007342,3.823748,0.011655,79.9,13.139531,1.339859,49.817777,5.08,6.080887,288.149591,14.999591,101324.243823,101.324244,1.224993,340.293746,1.8e-05,1.5e-05,0.999994,0.999993,14368.237529,12828.783508
0.1,boost,0.249424,4.981112,0.014638,15.196664,0.046319,79.9,13.118706,1.337736,49.886517,5.087009,6.09054,288.148379,14.998379,101322.003665,101.322004,1.224971,340.293031,1.8e-05,1.5e-05,0.999976,0.99997,28643.792663,25574.814877
0.15,boost,0.561107,7.476633,0.021971,34.236931,0.104353,79.9,13.097797,1.335604,49.938359,5.092295,6.100263,288.146353,14.996353,101318.259525,101.31826,1.224934,340.291834,1.8e-05,1.5e-05,0.999946,0.999933,42993.19023,38386.776991
0.2,boost,0.997623,9.974315,0.029311,60.929932,0.185713,79.9,13.076888,1.333471,49.972874,5.095815,6.110017,288.143515,14.993515,101313.015985,101.313016,1.224883,340.290159,1.8e-05,1.5e-05,0.999904,0.999882,57353.75113,51208.706366
0.25,boost,1.559059,12.47329,0.036655,95.280307,0.290412,79.9,13.055978,1.331339,49.989969,5.097558,6.119802,288.139866,14.989866,101306.272197,101.306272,1.224817,340.288004,1.8e-05,1.5e-05,0.99985,0.999815,71720.056797,64035.764998
0.3002,boost,2.248455,14.982682,0.04403,137.464793,0.418989,79.9,13.034986,1.329199,49.989539,5.097514,6.129658,288.135385,14.985385,101297.991901,101.297992,1.224736,340.285358,1.8e-05,1.5e-05,0.999784,0.999733,86144.125651,76914.397903
0.3502,boost,3.060316,17.481618,0.051374,187.129274,0.570365,79.9,13.014076,1.327066,49.971543,5.095679,6.139506,288.130108,14.980108,101288.241388,101.288241,1.22464,340.282242,1.8e-05,1.5e-05,0.999706,0.999637,100505.550726,89737.098862
0.4002,boost,3.997095,19.979217,0.058714,244.397283,0.744916,79.9,12.993167,1.324934,49.935997,5.092055,6.149386,288.124019,14.974019,101276.991561,101.276992,1.22453,340.278646,1.8e-05,1.5e-05,0.999616,0.999526,114856.339135,102550.302799
0.4502,boost,5.058701,22.474604,0.066048,309.22832,0.94252,79.9,12.972258,1.322802,49.88291,5.086641,6.159298,288.117118,14.967118,101264.243892,101.264244,1.224405,340.274572,1.8e-05,1.5e-05,0.999514,0.9994,129191.030397,115349.134283
0.5002,boost,6.245002,24.966902,0.073374,381.570691,1.163017,79.9,12.951349,1.32067,49.812316,5.079443,6.169242,288.109408,14.959408,101250.000434,101.25,1.224266,340.270018,1.8e-05,1.5e-05,0.999401,0.99926,143504.17417,128128.726937
0.5502,boost,7.555823,27.455238,0.080688,461.361614,1.406218,79.9,12.93044,1.318538,49.724276,5.070465,6.179218,288.100887,14.950887,101234.263817,101.234264,1.224112,340.264987,1.8e-05,1.5e-05,0.999275,0.999105,157790.338514,140884.230816
0.6002,boost,8.990943,29.938742,0.087988,548.527359,1.671897,79.9,12.909531,1.316406,49.618875,5.059717,6.189226,288.091559,14.941559,101217.037247,101.217037,1.223943,340.259478,1.8e-05,1.5e-05,0.999137,0.998934,172044.118128,153610.819757
0.6502,boost,10.550098,32.41655,0.095272,642.98342,1.959796,79.9,12.888621,1.314274,49.496225,5.04721,6.199267,288.081424,14.931424,101198.324503,101.198325,1.22376,340.253493,1.8e-05,1.5e-05,0.998988,0.99875,186260.142517,166303.698676
0.7002,boost,12.232983,34.887805,0.102537,744.634725,2.269627,79.9,12.867712,1.312141,49.356462,5.032958,6.20934,288.070486,14.920486,101178.12993,101.17813,1.223562,340.247033,1.8e-05,1.5e-05,0.998826,0.998551,200433.084082,178958.110788
0.7502,boost,14.039249,37.351655,0.10978,853.375877,2.601067,79.9,12.846803,1.310009,49.199749,5.016978,6.219446,288.058745,14.908745,101156.458439,101.156458,1.22335,340.240099,1.8e-05,1.5e-05,0.998653,0.998337,214557.666097,191569.34473
0.8002,boost,15.968503,39.807259,0.117,969.091428,2.953765,79.9,12.825894,1.307877,49.026271,4.999288,6.229585,288.046205,14.896205,101133.315496,101.133315,1.223123,340.232694,1.8e-05,1.5e-05,0.998468,0.998108,228628.670544,204132.741557
0.8502,boost,18.020314,42.253786,0.124194,1091.65618,3.327339,79.9,12.804985,1.305745,48.836239,4.97991,6.239758,288.032868,14.882868,101108.70712,101.108707,1.222882,340.224817,1.8e-05,1.5e-05,0.998271,0.997865,242640.945788,216643.701596
0.9002,boost,20.194205,44.690416,0.131359,1220.935524,3.721379,79.9,12.784075,1.303613,48.629885,4.958868,6.249963,288.018738,14.868738,101082.639869,101.08264,1.222627,340.216472,1.8e-05,1.5e-05,0.998063,0.997608,256589.414073,229097.691137
0.9502,boost,22.489663,47.11634,0.138493,1356.785793,4.135447,79.9,12.763166,1.301481,48.407467,4.936188,6.260202,288.003818,14.853818,101055.120838,101.055121,1.222357,340.207659,1.8e-05,1.5e-05,0.997843,0.997336,270469.078801,241490.248929
1.0002,boost,24.906132,49.530765,0.145594,1499.054656,4.569078,79.9,12.742257,1.299349,48.169263,4.911898,6.270475,287.988111,14.838111,101026.157649,101.026158,1.222074,340.198382,1.8e-05,1.5e-05,0.997611,0.997051,284275.031579,253816.992481
1.0502,boost,27.443017,51.932913,0.152659,1647.581525,5.021784,79.9,12.721348,1.297216,47.915571,4.886028,6.280781,287.971621,14.821621,100995.758436,100.995758,1.221776,340.188642,1.8e-05,1.5e-05,0.997368,0.996751,298002.459024,266073.624128
1.1002,boost,30.099685,54.322018,0.159687,1802.197987,5.493051,79.9,12.700439,1.295084,47.646712,4.858612,6.291121,287.954353,14.804353,100963.931841,100.963932,1.221464,340.178443,1.8e-05,1.5e-05,0.997114,0.996437,311646.649287,278255.936863
1.1502,boost,32.875465,56.697334,0.166675,1962.728259,5.982343,79.9,12.67953,1.292952,47.363025,4.829684,6.301496,287.936311,14.786311,100930.686999,100.930687,1.221138,340.167785,1.8e-05,1.5e-05,0.996848,0.996108,325202.998293,290359.819904
1.2002,boost,35.76965,59.058132,0.17362,2128.989659,6.489103,79.9,12.65862,1.29082,47.064869,4.799281,6.311904,287.917499,14.767499,100896.033528,100.896034,1.220799,340.156673,1.8e-05,1.5e-05,0.996571,0.995766,338667.015672,302381.263993
1.2502,boost,38.781495,61.403701,0.180522,2300.793089,7.012756,79.9,12.637711,1.288688,46.752618,4.76744,6.322347,287.897922,14.747922,100859.981513,100.859982,1.220446,340.145108,1.8e-05,1.5e-05,0.996282,0.995411,352034.33037,314316.366402
1.3002,boost,41.910222,63.733351,0.187378,2477.943536,7.552705,79.9,12.616802,1.286556,46.426665,4.734202,6.332825,287.877585,14.727585,100822.541498,100.822541,1.220079,340.133094,1.8e-05,1.5e-05,0.995983,0.995041,365300.695927,326161.335649
1.3502,boost,45.155018,66.04641,0.194185,2660.240586,8.108342,79.9,12.595893,1.284424,46.087416,4.699609,6.343338,287.856494,14.706494,100783.724469,100.783724,1.219698,340.120635,1.8e-05,1.5e-05,0.995672,0.994658,378461.995401,337912.495894
1.4002,coast-to-staging,48.515036,68.342229,0.200943,2847.478937,8.679039,0.0,12.575067,1.2823,-16.574988,-1.690178,0.0,287.834655,14.684655,100743.541841,100.743542,1.219305,340.107732,1.8e-05,1.5e-05,0.995351,0.994261,391514.245943,349566.291021
1.4502,coast-to-staging,51.91142,67.517783,0.198526,2778.285176,8.468139,0.0,12.575067,1.2823,-16.410517,-1.673407,0.0,287.812579,14.662579,100702.937553,100.702938,1.218907,340.094689,1.8e-05,1.5e-05,0.995026,0.993861,386688.028724,345257.168503
1.5002,coast-to-staging,55.266786,66.701483,0.196134,2710.637214,8.26195,0.0,12.575067,1.2823,-16.249721,-1.65701,0.0,287.790769,14.640769,100662.836686,100.662837,1.218514,340.081803,1.8e-05,1.5e-05,0.994705,0.993465,381912.226704,340993.059558
1.5502,coast-to-staging,58.581539,65.893148,0.193764,2644.493742,8.060346,0.0,12.575067,1.2823,-16.0925,-1.640978,0.0,287.769224,14.619224,100623.233951,100.623234,1.218125,340.069073,1.8e-05,1.5e-05,0.994388,0.993074,377185.699745,336772.946201
1.6002,coast-to-staging,61.85607,65.092598,0.191417,2579.814891,7.863207,0.0,12.575067,1.2823,-15.938762,-1.625301,0.0,287.747939,14.597939,100584.124178,100.584124,1.217742,340.056496,1.8e-05,1.5e-05,0.994075,0.992688,372507.338524,332595.837968
1.6502,coast-to-staging,65.090766,64.299663,0.189092,2516.562169,7.670414,0.0,12.575067,1.2823,-15.788412,-1.60997,0.0,287.726914,14.576914,100545.502312,100.545502,1.217363,340.044072,1.8e-05,1.5e-05,0.993766,0.992307,367876.06346,328460.770946
1.7002,coast-to-staging,68.286003,63.514173,0.186789,2454.698412,7.481855,0.0,12.575067,1.2823,-15.641365,-1.594975,0.0,287.706146,14.556146,100507.363412,100.507363,1.21699,340.0318,1.8e-05,1.5e-05,0.993461,0.991931,363290.823671,324366.806849
1.7502,coast-to-staging,71.442148,62.735963,0.184507,2394.187722,7.29742,0.0,12.575067,1.2823,-15.497534,-1.580309,0.0,287.685631,14.535631,100469.70265,100.469703,1.21662,340.019677,1.8e-05,1.5e-05,0.993159,0.991559,358750.595985,320313.032129
1.8002,coast-to-staging,74.559563,61.964876,0.182246,2334.995424,7.117003,0.0,12.575067,1.2823,-15.356836,-1.565961,0.0,287.665369,14.515369,100432.515301,100.432515,1.216256,340.007702,1.8e-05,1.5e-05,0.992862,0.991192,354254.383982,316298.557127
1.8502,coast-to-staging,77.638598,61.200754,0.180004,2277.088012,6.940503,0.0,12.575067,1.2823,-15.219192,-1.551926,0.0,287.645355,14.495355,100395.796748,100.395797,1.215896,339.995875,1.8e-05,1.5e-05,0.992568,0.990829,349801.217082,312322.515252
1.9002,coast-to-staging,80.6796,60.443446,0.177783,2220.433105,6.767821,0.0,12.575067,1.2823,-15.084526,-1.538194,0.0,287.625589,14.475589,100359.542474,100.359542,1.21554,339.984193,1.8e-05,1.5e-05,0.992278,0.990472,345390.149663,308384.062199
1.9502,coast-to-staging,83.682903,59.692804,0.175581,2164.999402,6.59886,0.0,12.575067,1.2823,-14.952763,-1.524757,0.0,287.606068,14.456068,100323.748061,100.323748,1.215189,339.972655,1.8e-05,1.5e-05,0.991991,0.990118,341020.260218,304482.375195
2.0002,coast-to-staging,86.648839,58.948685,0.173398,2110.756641,6.43353,0.0,12.575067,1.2823,-14.82383,-1.51161,0.0,287.58679,14.43679,100288.40919,100.288409,1.214842,339.961261,1.8e-05,1.5e-05,0.991708,0.98977,336690.650548,300616.652275
2.0502,coast-to-staging,89.57773,58.210947,0.171234,2057.675559,6.27174,0.0,12.575067,1.2823,-14.697658,-1.498744,0.0,287.567753,14.417753,100253.521634,100.253522,1.2145,339.950009,1.8e-05,1.5e-05,0.991429,0.989425,332400.444977,296786.111586
2.1002,coast-to-staging,92.469891,57.479454,0.169088,2005.727851,6.113405,0.0,12.575067,1.2823,-14.574181,-1.486153,0.0,287.548954,14.398954,100219.081259,100.219081,1.214162,339.938897,1.8e-05,1.5e-05,0.991153,0.989085,328148.789608,292989.990721
2.1502,coast-to-staging,95.325631,56.754072,0.166959,1954.886137,5.958441,0.0,12.575067,1.2823,-14.453332,-1.47383,0.0,287.530393,14.380393,100185.08402,100.185084,1.213829,339.927925,1.8e-05,1.5e-05,0.990881,0.98875,323934.851603,289227.546074
2.2002,coast-to-staging,98.145253,56.034669,0.164848,1905.123924,5.806767,0.0,12.575067,1.2823,-14.335049,-1.461768,0.0,287.512066,14.362066,100151.52596,100.151526,1.2135,339.917091,1.8e-05,1.5e-05,0.990612,0.988419,319757.81849,285498.052223
2.2502,coast-to-staging,100.929053,55.32112,0.162754,1856.415574,5.658305,0.0,12.575067,1.2823,-14.219272,-1.449962,0.0,287.493972,14.343972,100118.403207,100.118403,1.213175,339.906395,1.8e-05,1.5e-05,0.990347,0.988092,315616.897497,281800.801337
2.3002,coast-to-staging,103.677319,54.613298,0.160677,1808.736273,5.51298,0.0,12.575067,1.2823,-14.10594,-1.438406,0.0,287.476108,14.326108,100085.711972,100.085712,1.212854,339.895835,1.8e-05,1.5e-05,0.990085,0.987769,311511.314914,278135.102602
2.3502,coast-to-staging,106.390335,53.911084,0.158615,1762.061999,5.370718,0.0,12.575067,1.2823,-13.994997,-1.427093,0.0,287.458474,14.308474,100053.448548,100.053449,1.212537,339.88541,1.8e-05,1.5e-05,0.989826,0.987451,307440.315472,274500.281672
2.4002,coast-to-staging,109.068379,53.214358,0.15657,1716.369491,5.231448,0.0,12.575067,1.2823,-13.886388,-1.416018,0.0,287.441068,14.291068,100021.609306,100.021609,1.212225,339.875119,1.8e-05,1.5e-05,0.989571,0.987137,303403.161757,270895.680141
2.4502,coast-to-staging,111.711721,52.523005,0.154541,1671.636226,5.095102,0.0,12.575067,1.2823,-13.780059,-1.405175,0.0,287.423887,14.273887,99990.190696,99.990191,1.211916,339.864962,1.8e-05,1.5e-05,0.989319,0.986826,299399.133633,267320.655029
2.5002,coast-to-staging,114.320629,51.83691,0.152527,1627.840389,4.961614,0.0,12.575067,1.2823,-13.675958,-1.39456,0.0,287.406929,14.256929,99959.189243,99.959189,1.211612,339.854936,1.8e-05,1.5e-05,0.989071,0.98652,295427.527691,263774.578295
2.5502,coast-to-staging,116.895362,51.155965,0.150527,1584.960847,4.830918,0.0,12.575067,1.2823,-13.574035,-1.384166,0.0,287.390194,14.240194,99928.601545,99.928602,1.211312,339.845041,1.8e-05,1.5e-05,0.988826,0.986219,291487.656725,260256.836361
2.6002,coast-to-staging,119.436174,50.48006,0.148543,1542.977125,4.702953,0.0,12.575067,1.2823,-13.474242,-1.37399,0.0,287.373679,14.223679,99898.424274,99.898424,1.211016,339.835277,1.8e-05,1.5e-05,0.988584,0.985921,287578.849215,256766.829656
2.6502,coast-to-staging,121.943315,49.80909,0.146572,1501.869386,4.577658,0.0,12.575067,1.2823,-13.37653,-1.364026,0.0,287.357384,14.207384,99868.65417,99.868654,1.210723,339.825641,1.8e-05,1.5e-05,0.988346,0.985627,283700.448837,253303.972176
2.7002,coast-to-staging,124.41703,49.142952,0.144616,1461.618401,4.454974,0.0,12.575067,1.2823,-13.280855,-1.35427,0.0,287.341305,14.191305,99839.288044,99.839288,1.210435,339.816134,1.8e-05,1.5e-05,0.98811,0.985337,279851.813991,249867.691063
2.7502,coast-to-staging,126.857556,48.481544,0.142674,1422.205537,4.334844,0.0,12.575067,1.2823,-13.187173,-1.344717,0.0,287.325442,14.175442,99810.322774,99.810323,1.210151,339.806754,1.8e-05,1.5e-05,0.987878,0.985051,276032.317336,246457.426193
2.8002,coast-to-staging,129.265129,47.824767,0.140745,1383.612728,4.217215,0.0,12.575067,1.2823,-13.095439,-1.335363,0.0,287.309794,14.159794,99781.755303,99.781755,1.20987,339.7975,1.8e-05,1.5e-05,0.987649,0.984769,272241.345355,243072.629782
2.8502,coast-to-staging,131.639978,47.172525,0.138829,1345.82246,4.102031,0.0,12.575067,1.2823,-13.005613,-1.326203,0.0,287.294358,14.144358,99753.58264,99.753583,1.209594,339.788372,1.8e-05,1.5e-05,0.987423,0.984491,268478.297927,239712.766006
2.9002,coast-to-staging,133.982326,46.524724,0.136926,1308.81775,3.989241,0.0,12.575067,1.2823,-12.917655,-1.317234,0.0,287.279133,14.129133,99725.801855,99.725802,1.209321,339.779369,1.8e-05,1.5e-05,0.987201,0.984217,264742.587912,236377.310636
2.9502,coast-to-staging,136.292394,45.88127,0.135036,1272.582131,3.878796,0.0,12.575067,1.2823,-12.831524,-1.308451,0.0,287.264118,14.114118,99698.410081,99.69841,1.209052,339.770489,1.8e-05,1.5e-05,0.986981,0.983947,261033.640759,233065.750678
3.0002,coast-to-staging,138.570396,45.242073,0.133158,1237.099629,3.770647,0.0,12.575067,1.2823,-12.747184,-1.299851,0.0,287.249312,14.099312,99671.404511,99.671405,1.208787,339.761733,1.8e-05,1.5e-05,0.986765,0.98368,257350.89412,229777.584036
3.0502,coast-to-staging,140.816543,44.607043,0.131293,1202.354751,3.664745,0.0,12.575067,1.2823,-12.664597,-1.291429,0.0,287.234713,14.084713,99644.782399,99.644782,1.208525,339.753099,1.8e-05,1.5e-05,0.986551,0.983418,253693.797478,226512.319177
3.1002,coast-to-staging,143.031041,43.976095,0.129439,1168.332468,3.561046,0.0,12.575067,1.2823,-12.583727,-1.283183,0.0,287.220319,14.070319,99618.541052,99.618541,1.208268,339.744586,1.8e-05,1.5e-05,0.986341,0.983159,250061.811794,223269.474816
3.1502,coast-to-staging,145.214093,43.349142,0.127596,1135.0182,3.459505,0.0,12.575067,1.2823,-12.504541,-1.275108,0.0,287.20613,14.05613,99592.677839,99.592678,1.208014,339.736194,1.8e-05,1.5e-05,0.986134,0.982903,246454.409154,220048.579602
3.2002,coast-to-staging,147.365896,42.726101,0.125766,1102.397797,3.360079,0.0,12.575067,1.2823,-12.427003,-1.267202,0.0,287.192144,14.042144,99567.190181,99.56719,1.207763,339.727922,1.8e-05,1.5e-05,0.985929,0.982652,242871.072442,216849.171823
3.2502,coast-to-staging,149.486643,42.106891,0.123946,1070.457532,3.262726,0.0,12.575067,1.2823,-12.351083,-1.25946,0.0,287.17836,14.02836,99542.075554,99.542076,1.207517,339.719769,1.8e-05,1.5e-05,0.985728,0.982404,239311.295012,213670.799118
3.3002,coast-to-staging,151.576524,41.491431,0.122137,1039.184081,3.167405,0.0,12.575067,1.2823,-12.276747,-1.25188,0.0,287.164776,14.014776,99517.331489,99.517331,1.207273,339.711734,1.8e-05,1.5e-05,0.985529,0.98216,235774.580377,210513.018194
3.3502,coast-to-staging,153.635724,40.879642,0.120339,1008.564514,3.074078,0.0,12.575067,1.2823,-12.203965,-1.244458,0.0,287.151392,14.001392,99492.955568,99.492956,1.207034,339.703818,1.8e-05,1.5e-05,0.985334,0.981919,232260.441907,207375.39456
3.4002,coast-to-staging,155.664426,40.271448,0.118551,978.58628,2.982705,0.0,12.575067,1.2823,-12.132708,-1.237192,0.0,287.138206,13.988206,99468.945422,99.468945,1.206798,339.696018,1.8e-05,1.5e-05,0.985141,0.981682,228768.402535,204257.502264
3.4502,coast-to-staging,157.662807,39.666772,0.116774,949.237197,2.89325,0.0,12.575067,1.2823,-12.062947,-1.230078,0.0,287.125217,13.975217,99445.298736,99.445299,1.206566,339.688335,1.8e-05,1.5e-05,0.984952,0.981449,225297.994477,201158.92364
3.5002,coast-to-staging,159.63104,39.065541,0.115007,920.505438,2.805676,0.0,12.575067,1.2823,-11.994653,-1.223114,0.0,287.112424,13.962424,99422.013241,99.422013,1.206337,339.680767,1.8e-05,1.5e-05,0.984765,0.981219,221848.758952,198079.249065
3.5502,coast-to-staging,161.569297,38.467681,0.113249,892.379521,2.719949,0.0,12.575067,1.2823,-11.927799,-1.216297,0.0,287.099826,13.949826,99399.086719,99.399087,1.206112,339.673315,1.8e-05,1.5e-05,0.984581,0.980993,218420.245925,195018.076719
3.6002,coast-to-staging,163.477744,37.873122,0.111501,864.848301,2.636034,0.0,12.575067,1.2823,-11.862358,-1.209624,0.0,287.087422,13.937422,99376.516996,99.376517,1.20589,339.665977,1.8e-05,1.5e-05,0.9844,0.98077,215012.013841,191975.012358
3.6502,coast-to-staging,165.356544,37.281793,0.109762,837.900955,2.5539,0.0,12.575067,1.2823,-11.798305,-1.203092,0.0,287.07521,13.92521,99354.301948,99.354302,1.205672,339.658753,1.8e-05,1.5e-05,0.984222,0.980551,211623.629384,188949.669093
3.7002,coast-to-staging,167.205858,36.693626,0.108033,811.526974,2.473512,0.0,12.575067,1.2823,-11.735616,-1.1967,0.0,287.063191,13.913191,99332.439493,99.332439,1.205457,339.651642,1.8e-05,1.5e-05,0.984046,0.980335,208254.667229,185941.667169
3.7502,coast-to-staging,169.025841,36.108552,0.106313,785.716154,2.394842,0.0,12.575067,1.2823,-11.674264,-1.190444,0.0,287.051361,13.901361,99310.927597,99.310928,1.205246,339.644644,1.8e-05,1.5e-05,0.983874,0.980123,204904.709814,182950.633762
3.8002,coast-to-staging,170.816647,35.526505,0.104601,760.458589,2.317857,0.0,12.575067,1.2823,-11.614228,-1.184322,0.0,287.039722,13.889722,99289.764267,99.289764,1.205038,339.637757,1.8e-05,1.5e-05,0.983704,0.979914,201573.347107,179976.202774
3.8502,coast-to-staging,172.578425,34.947421,0.102898,735.744656,2.24253,0.0,12.575067,1.2823,-11.555484,-1.178331,0.0,287.028271,13.878271,99268.947555,99.268948,1.204833,339.630983,1.8e-05,1.5e-05,0.983537,0.979708,198260.176393,177018.014637
3.9002,coast-to-staging,174.311322,34.371235,0.101204,711.565012,2.168831,0.0,12.575067,1.2823,-11.49801,-1.172471,0.0,287.017007,13.867007,99248.475555,99.248476,1.204632,339.624319,1.8e-05,1.5e-05,0.983373,0.979506,194964.802056,174075.716122
3.9502,coast-to-staging,176.015481,33.797883,0.099517,687.910585,2.096733,0.0,12.575067,1.2823,-11.441785,-1.166737,0.0,287.005931,13.855931,99228.346403,99.228346,1.204434,339.617766,1.8e-05,1.5e-05,0.983211,0.979308,191686.835373,171148.960154
4.0002,coast-to-staging,177.691042,33.227305,0.097839,664.772564,2.026209,0.0,12.575067,1.2823,-11.386786,-1.161129,0.0,286.995041,13.845041,99208.558274,99.208558,1.204239,339.611322,1.8e-05,1.5e-05,0.983053,0.979112,188425.894313,168237.405637
4.0502,coast-to-staging,179.338143,32.659439,0.096169,642.142393,1.957233,0.0,12.575067,1.2823,-11.332995,-1.155644,0.0,286.984335,13.834335,99189.109385,99.189109,1.204048,339.604988,1.8e-05,1.5e-05,0.982897,0.97892,185181.603345,165340.717272
4.1002,coast-to-staging,180.956917,32.094225,0.094506,620.011764,1.889779,0.0,12.575067,1.2823,-11.280392,-1.15028,0.0,286.973814,13.823814,99169.997992,99.169998,1.20386,339.598763,1.8e-05,1.5e-05,0.982743,0.978732,181953.593244,162458.565397
4.1502,coast-to-staging,182.547495,31.531605,0.092851,598.372608,1.823824,0.0,12.575067,1.2823,-11.228957,-1.145035,0.0,286.963475,13.813475,99151.22239,99.151222,1.203676,339.592645,1.8e-05,1.5e-05,0.982593,0.978546,178741.500912,159590.625814
4.2,coast-to-staging,184.103813,30.973755,0.09121,577.30076,1.759597,0.0,12.575067,1.2823,-11.17887,-1.139927,0.0,286.95336,13.80336,99132.854014,99.132854,1.203495,339.58666,1.8e-05,1.5e-05,0.982445,0.978365,175557.724792,156747.968564
4.25,coast-to-staging,185.638494,30.416139,0.08957,556.619385,1.696561,0.0,12.575067,1.2823,-11.129711,-1.134915,0.0,286.943385,13.793385,99114.743702,99.114744,1.203317,339.580758,1.8e-05,1.5e-05,0.9823,0.978186,172376.342163,153907.44836
4.3,coast-to-staging,187.145356,29.860946,0.087936,536.406685,1.634953,0.0,12.575067,1.2823,-11.081666,-1.130015,0.0,286.933591,13.783591,99096.964299,99.096964,1.203142,339.574962,1.8e-05,1.5e-05,0.982157,0.978011,169209.824364,151080.200325
4.35,coast-to-staging,188.624517,29.30812,0.08631,516.655488,1.574752,0.0,12.575067,1.2823,-11.034718,-1.125228,0.0,286.923977,13.773977,99079.514247,99.079514,1.202971,339.569273,1.8e-05,1.5e-05,0.982017,0.977839,166057.831034,148265.920566
4.4,coast-to-staging,190.076096,28.757606,0.08469,497.35883,1.515936,0.0,12.575067,1.2823,-10.988851,-1.120551,0.0,286.914542,13.764542,99062.392026,99.062392,1.202803,339.563691,1.8e-05,1.5e-05,0.98188,0.97767,162920.027097,145464.309908
4.45,coast-to-staging,191.500206,28.209353,0.083077,478.509951,1.458486,0.0,12.575067,1.2823,-10.944048,-1.115982,0.0,286.905286,13.755286,99045.59615,99.045596,1.202637,339.558213,1.8e-05,1.5e-05,0.981745,0.977504,159796.0826,142675.07375
4.5,coast-to-staging,192.896959,27.663306,0.08147,460.10229,1.402379,0.0,12.575067,1.2823,-10.900294,-1.111521,0.0,286.896208,13.746208,99029.12517,99.029125,1.202476,339.552841,1.8e-05,1.5e-05,0.981613,0.977341,156685.672564,139897.921933
4.55,coast-to-staging,194.266463,27.119413,0.079869,442.129479,1.347599,0.0,12.575067,1.2823,-10.857573,-1.107164,0.0,286.887307,13.737307,99012.977669,99.012978,1.202317,339.547573,1.8e-05,1.5e-05,0.981483,0.977182,153588.476842,137132.568609
4.6,coast-to-staging,195.608826,26.577624,0.078275,424.585338,1.294125,0.0,12.575067,1.2823,-10.815871,-1.102912,0.0,286.878582,13.728582,98997.152264,98.997152,1.202161,339.54241,1.8e-05,1.5e-05,0.981356,0.977026,150504.179966,134378.732113
4.65,coast-to-staging,196.924152,26.037888,0.076686,407.463868,1.241939,0.0,12.575067,1.2823,-10.775174,-1.098762,0.0,286.870033,13.720033,98981.647606,98.981648,1.202009,339.537351,1.8e-05,1.5e-05,0.981232,0.976873,147432.471018,131636.134837
4.7,coast-to-staging,198.212541,25.500154,0.075104,390.759251,1.191024,0.0,12.575067,1.2823,-10.735468,-1.094713,0.0,286.861659,13.711659,98966.462378,98.966462,1.201859,339.532395,1.8e-05,1.5e-05,0.98111,0.976723,144373.043485,128904.503111
4.75,coast-to-staging,199.474092,24.964375,0.073527,374.465843,1.141362,0.0,12.575067,1.2823,-10.69674,-1.090764,0.0,286.853459,13.703459,98951.595295,98.951595,1.201713,339.527543,1.8e-05,1.5e-05,0.98099,0.976576,141325.595134,126183.567084
4.8,coast-to-staging,200.708903,24.430501,0.071955,358.578168,1.092937,0.0,12.575067,1.2823,-10.658975,-1.086913,0.0,286.845433,13.695433,98937.045105,98.937045,1.20157,339.522793,1.8e-05,1.5e-05,0.980874,0.976433,138289.827879,123473.060606
4.85,coast-to-staging,201.917067,23.898484,0.070389,343.090918,1.045732,0.0,12.575067,1.2823,-10.622163,-1.083159,0.0,286.837581,13.687581,98922.810586,98.922811,1.20143,339.518145,1.8e-05,1.5e-05,0.980759,0.976292,135265.447656,120772.721121
4.9,coast-to-staging,203.098675,23.368278,0.068829,327.998945,0.999732,0.0,12.575067,1.2823,-10.58629,-1.079501,0.0,286.829901,13.679901,98908.890549,98.908891,1.201293,339.5136,1.8e-05,1.5e-05,0.980648,0.976155,132252.1643,118082.289554
4.95,coast-to-staging,204.253818,22.839836,0.067273,313.297258,0.954922,0.0,12.575067,1.2823,-10.551344,-1.075938,0.0,286.822393,13.672393,98895.283833,98.895284,1.201159,339.509157,1.8e-05,1.5e-05,0.980538,0.976021,129249.691426,115401.510202
5.0,coast-to-staging,205.382582,22.313111,0.065723,298.981023,0.911286,0.0,12.575067,1.2823,-10.517315,-1.072468,0.0,286.815056,13.665056,98881.989308,98.881989,1.201029,339.504815,1.8e-05,1.5e-05,0.980432,0.975889,126257.746312,112730.130635
5.05,coast-to-staging,206.485052,21.788059,0.064177,285.045555,0.868811,0.0,12.575067,1.2823,-10.484191,-1.06909,0.0,286.807891,13.657891,98869.005875,98.869006,1.200901,339.500574,1.8e-05,1.5e-05,0.980327,0.975761,123276.049783,110067.901592
5.1,coast-to-staging,207.56131,21.264634,0.062636,271.486315,0.827483,0.0,12.575067,1.2823,-10.451962,-1.065803,0.0,286.800896,13.650896,98856.332463,98.856332,1.200776,339.496433,1.8e-05,1.5e-05,0.980226,0.975636,120304.326103,107414.576877
5.15,coast-to-staging,208.611437,20.742793,0.061099,258.29891,0.787288,0.0,12.575067,1.2823,-10.420616,-1.062607,0.0,286.79407,13.64407,98843.968031,98.843968,1.200655,339.492394,1.8e-05,1.5e-05,0.980126,0.975514,117342.302862,104769.913269
5.2,coast-to-staging,209.635511,20.22249,0.059568,245.479086,0.748214,0.0,12.575067,1.2823,-10.390143,-1.0595,0.0,286.787414,13.637414,98831.911566,98.831912,1.200536,339.488454,1.8e-05,1.5e-05,0.980029,0.975395,114389.710873,102133.670422
5.25,coast-to-staging,210.633607,19.703684,0.05804,233.022728,0.710247,0.0,12.575067,1.2823,-10.360535,-1.056481,0.0,286.780927,13.630927,98820.162084,98.820162,1.200421,339.484614,1.8e-05,1.5e-05,0.979935,0.975279,111446.284065,99505.610773
5.3,coast-to-staging,211.6058,19.186331,0.056517,220.925855,0.673376,0.0,12.575067,1.2823,-10.331781,-1.053549,0.0,286.774608,13.624608,98808.718628,98.808719,1.200308,339.480874,1.8e-05,1.5e-05,0.979843,0.975166,108511.759385,96885.499451
5.35,coast-to-staging,212.552161,18.670388,0.054997,209.184618,0.637589,0.0,12.575067,1.2823,-10.303873,-1.050703,0.0,286.768457,13.618457,98797.580269,98.79758,1.200198,339.477234,1.8e-05,1.5e-05,0.979754,0.975056,105585.876692,94273.104189
5.4,coast-to-staging,213.472759,18.155815,0.053482,197.795296,0.602875,0.0,12.575067,1.2823,-10.276801,-1.047942,0.0,286.762474,13.612474,98786.746106,98.786746,1.200092,339.473692,1.8e-05,1.5e-05,0.979667,0.974949,102668.378666,91668.195238
5.45,coast-to-staging,214.367661,17.642568,0.051971,186.754297,0.569222,0.0,12.575067,1.2823,-10.250557,-1.045266,0.0,286.756657,13.606657,98776.215266,98.776215,1.199988,339.470249,1.8e-05,1.5e-05,0.979582,0.974845,99759.010709,89070.545276
5.5,coast-to-staging,215.236934,17.130608,0.050463,176.05815,0.536621,0.0,12.575067,1.2823,-10.225133,-1.042673,0.0,286.751007,13.601007,98765.9869,98.765987,1.199888,339.466905,1.8e-05,1.5e-05,0.9795,0.974745,96857.520851,86479.929331
5.55,coast-to-staging,216.080641,16.619894,0.048959,165.70351,0.50506,0.0,12.575067,1.2823,-10.20052,-1.040164,0.0,286.745524,13.595524,98756.060187,98.75606,1.19979,339.463659,1.8e-05,1.5e-05,0.97942,0.974647,93963.65966,83896.124696
5.6,coast-to-staging,216.898842,16.110385,0.047459,155.687147,0.47453,0.0,12.575067,1.2823,-10.176712,-1.037736,0.0,286.740206,13.590206,98746.434335,98.746434,1.199695,339.460511,1.8e-05,1.5e-05,0.979343,0.974552,91077.18015,81318.910848
5.65,coast-to-staging,217.691597,15.602041,0.045962,146.00595,0.445022,0.0,12.575067,1.2823,-10.1537,-1.035389,0.0,286.735053,13.585053,98737.108573,98.737109,1.199603,339.457461,1.8e-05,1.5e-05,0.979268,0.974459,88197.837696,78748.069371
5.7,coast-to-staging,218.458963,15.094823,0.044468,136.656923,0.416527,0.0,12.575067,1.2823,-10.131478,-1.033123,0.0,286.730066,13.580066,98728.082159,98.728082,1.199515,339.454509,1.8e-05,1.5e-05,0.979196,0.97437,85325.389943,76183.383878
5.75,coast-to-staging,219.200996,14.588692,0.042977,127.637183,0.389035,0.0,12.575067,1.2823,-10.110038,-1.030937,0.0,286.725243,13.575243,98719.354377,98.719354,1.199429,339.451654,1.8e-05,1.5e-05,0.979126,0.974284,82459.596725,73624.639933
5.8,coast-to-staging,219.917749,14.083609,0.04149,118.943957,0.362538,0.0,12.575067,1.2823,-10.089375,-1.02883,0.0,286.720584,13.570584,98710.924533,98.710925,1.199346,339.448896,1.8e-05,1.5e-05,0.979058,0.974201,79600.219979,71071.624981
5.85,coast-to-staging,220.609273,13.579535,0.040005,110.574584,0.337028,0.0,12.575067,1.2823,-10.069481,-1.026801,0.0,286.716089,13.566089,98702.791962,98.702792,1.199266,339.446236,1.8e-05,1.5e-05,0.978993,0.974121,76747.023661,68524.128269
5.9,coast-to-staging,221.275618,13.076433,0.038523,102.526506,0.312498,0.0,12.575067,1.2823,-10.050351,-1.024851,0.0,286.711759,13.561759,98694.956022,98.694956,1.199189,339.443672,1.8e-05,1.5e-05,0.97893,0.974043,73899.773672,65981.940779
5.95,coast-to-staging,221.916831,12.574264,0.037044,94.797274,0.28894,0.0,12.575067,1.2823,-10.031979,-1.022977,0.0,286.707591,13.557591,98687.416096,98.687416,1.199115,339.441205,1.8e-05,1.5e-05,0.978869,0.973969,71058.237772,63444.855154
6.0,coast-to-staging,222.532959,12.072991,0.035568,87.384543,0.266346,0.0,12.575067,1.2823,-10.014359,-1.02118,0.0,286.703586,13.553586,98680.17159,98.680172,1.199043,339.438834,1.8e-05,1.5e-05,0.978811,0.973898,68222.185504,60912.665629
6.05,coast-to-staging,223.124044,11.572576,0.034093,80.286068,0.24471,0.0,12.575067,1.2823,-9.997487,-1.01946,0.0,286.699745,13.549745,98673.221937,98.673222,1.198975,339.43656,1.8e-05,1.5e-05,0.978755,0.973829,65391.388118,58385.167963
6.1,coast-to-staging,223.69013,11.072982,0.032622,73.499707,0.224025,0.0,12.575067,1.2823,-9.981356,-1.017815,0.0,286.696065,13.546065,98666.566593,98.666567,1.198909,339.434382,1.8e-05,1.5e-05,0.978702,0.973763,62565.618495,55862.15937
6.15,coast-to-staging,224.231256,10.574173,0.031153,67.023417,0.204286,0.0,12.575067,1.2823,-9.965962,-1.016245,0.0,286.692548,13.542548,98660.205036,98.660205,1.198847,339.4323,1.8e-05,1.5e-05,0.978651,0.973701,59744.65107,53343.438455
6.2,coast-to-staging,224.74746,10.076112,0.029685,60.855253,0.185485,0.0,12.575067,1.2823,-9.9513,-1.01475,0.0,286.689193,13.539193,98654.136772,98.654137,1.198787,339.430314,1.8e-05,1.5e-05,0.978602,0.973641,56928.261762,50828.805145
6.25,coast-to-staging,225.238779,9.578763,0.02822,54.993368,0.167618,0.0,12.575067,1.2823,-9.937367,-1.013329,0.0,286.686,13.536,98648.361326,98.648361,1.19873,339.428423,1.8e-05,1.5e-05,0.978555,0.973584,54116.227899,48318.060624
6.3,coast-to-staging,225.705248,9.082089,0.026757,49.43601,0.15068,0.0,12.575067,1.2823,-9.924157,-1.011982,0.0,286.682968,13.532968,98642.87825,98.642878,1.198676,339.426629,1.8e-05,1.5e-05,0.978511,0.97353,51308.328147,45811.007274
6.35,coast-to-staging,226.1469,8.586054,0.025296,44.181522,0.134664,0.0,12.575067,1.2823,-9.911668,-1.010709,0.0,286.680097,13.530097,98637.687118,98.637687,1.198625,339.424929,1.8e-05,1.5e-05,0.97847,0.973478,48504.342437,43307.448605
6.4,coast-to-staging,226.563765,8.090623,0.023836,39.228339,0.119567,0.0,12.575067,1.2823,-9.899894,-1.009508,0.0,286.677388,13.527388,98632.787527,98.632788,1.198577,339.423325,1.8e-05,1.5e-05,0.97843,0.97343,45704.0519,40807.189196
6.45,coast-to-staging,226.955872,7.59576,0.022379,34.57499,0.105384,0.0,12.575067,1.2823,-9.888833,-1.00838,0.0,286.674839,13.524839,98628.179097,98.628179,1.198532,339.421817,1.8e-05,1.5e-05,0.978393,0.973384,42907.238792,38310.034636
6.5,coast-to-staging,227.323251,7.101431,0.020922,30.220097,0.09211,0.0,12.575067,1.2823,-9.878482,-1.007325,0.0,286.672452,13.522452,98623.861473,98.623861,1.198489,339.420403,1.8e-05,1.5e-05,0.978359,0.973342,40113.68643,35815.791455
6.55,coast-to-staging,227.665925,6.607598,0.019467,26.162369,0.079742,0.0,12.575067,1.2823,-9.868837,-1.006341,0.0,286.670224,13.520224,98619.83432,98.619834,1.19845,339.419085,1.8e-05,1.5e-05,0.978326,0.973302,37323.179121,33324.267073
6.6,coast-to-staging,227.983919,6.114229,0.018014,22.400608,0.068276,0.0,12.575067,1.2823,-9.859895,-1.00543,0.0,286.668158,13.518158,98616.097327,98.616097,1.198413,339.417861,1.8e-05,1.5e-05,0.978296,0.973265,34535.502098,30835.269731
6.65,coast-to-staging,228.277256,5.621286,0.016562,18.933705,0.057709,0.0,12.575067,1.2823,-9.851655,-1.004589,0.0,286.666251,13.516251,98612.650207,98.61265,1.198379,339.416732,1.8e-05,1.5e-05,0.978269,0.973231,31750.441451,28348.608438
6.7,coast-to-staging,228.545956,5.128737,0.01511,15.760636,0.048038,0.0,12.575067,1.2823,-9.844112,-1.00382,0.0,286.664505,13.514505,98609.492693,98.609493,1.198348,339.415698,1.8e-05,1.5e-05,0.978243,0.9732,28967.784059,25864.09291
6.75,coast-to-staging,228.790037,4.636545,0.01366,12.88047,0.039259,0.0,12.575067,1.2823,-9.837266,-1.003122,0.0,286.662918,13.512918,98606.624542,98.606625,1.19832,339.414759,1.8e-05,1.5e-05,0.97822,0.973172,26187.317533,23381.533511
6.8,coast-to-staging,229.009518,4.144677,0.012211,10.292359,0.031371,0.0,12.575067,1.2823,-9.831115,-1.002495,0.0,286.661492,13.511492,98604.045534,98.604046,1.198294,339.413915,1.8e-05,1.5e-05,0.978199,0.973146,23408.83014,20900.741196
6.85,coast-to-staging,229.204412,3.653098,0.010763,7.995544,0.02437,0.0,12.575067,1.2823,-9.825655,-1.001938,0.0,286.660225,13.510225,98601.755471,98.601755,1.198272,339.413165,1.8e-05,1.5e-05,0.978181,0.973124,20632.110745,18421.527451
6.9,coast-to-staging,229.374733,3.161774,0.009315,5.989351,0.018255,0.0,12.575067,1.2823,-9.820886,-1.001452,0.0,286.659118,13.509118,98599.754176,98.599754,1.198252,339.412509,1.8e-05,1.5e-05,0.978165,0.973104,17856.948749,15943.70424
6.95,coast-to-staging,229.520494,2.670669,0.007869,4.273191,0.013025,0.0,12.575067,1.2823,-9.816807,-1.001036,0.0,286.658171,13.508171,98598.041497,98.598041,1.198235,339.411949,1.8e-05,1.5e-05,0.978151,0.973087,15083.134016,13467.083943
7.0,coast-to-staging,229.641705,2.179751,0.006422,2.846562,0.008676,0.0,12.575067,1.2823,-9.813416,-1.00069,0.0,286.657383,13.507383,98596.617301,98.596617,1.198221,339.411482,1.8e-05,1.5e-05,0.97814,0.973073,12310.45682,10991.479304
7.05,coast-to-staging,229.738374,1.688984,0.004976,1.709047,0.005209,0.0,12.575067,1.2823,-9.810712,-1.000414,0.0,286.656755,13.506755,98595.481479,98.595481,1.19821,339.41111,1.8e-05,1.5e-05,0.978131,0.973062,9538.707774,8516.70337
7.1,coast-to-staging,229.810507,1.198335,0.003531,0.860312,0.002622,0.0,12.575067,1.2823,-9.808695,-1.000209,0.0,286.656286,13.506286,98594.633944,98.594634,1.198202,339.410833,1.8e-05,1.5e-05,0.978124,0.973053,6767.677771,6042.569438
7.15,coast-to-staging,229.858111,0.707769,0.002085,0.30011,0.000915,0.0,12.575067,1.2823,-9.807363,-1.000073,0.0,286.655976,13.505976,98594.074631,98.594075,1.198196,339.410649,1.8e-05,1.5e-05,0.978119,0.973048,3997.157919,3568.890999
7.2,coast-to-staging,229.881187,0.217252,0.00064,0.028276,8.6e-05,0.0,12.575067,1.2823,-9.806717,-1.000007,0.0,286.655826,13.505826,98593.803497,98.593803,1.198193,339.410561,1.8e-05,1.5e-05,0.978117,0.973045,1226.93948,1095.481678
7.25,sustain,229.889469,0.421821,0.001243,0.106599,0.000325,25.6,10.039899,1.023785,15.198288,1.549794,2.549826,286.655772,13.505772,98593.706192,98.593706,1.198193,339.410529,1.8e-05,1.5e-05,0.978116,0.973044,2382.249781,2127.008733
7.3,sustain,229.929633,1.181758,0.003482,0.836666,0.00255,25.6,10.036103,1.023398,15.205572,1.550537,2.550791,286.655511,13.505511,98593.23429,98.593234,1.198188,339.410374,1.8e-05,1.5e-05,0.978113,0.97304,6673.999429,5958.928061
7.35,sustain,230.007802,1.942009,0.005722,2.259406,0.006887,25.6,10.032307,1.023011,15.210797,1.55107,2.551756,286.655003,13.505003,98592.315857,98.592316,1.198179,339.410073,1.8e-05,1.5e-05,0.978105,0.973031,10967.460859,9792.375767
7.4,sustain,230.123989,2.702471,0.007962,4.375312,0.013336,25.6,10.028511,1.022623,15.213961,1.551392,2.552722,286.654248,13.504248,98590.950747,98.590951,1.198165,339.409626,1.8e-05,1.5e-05,0.978094,0.973017,15262.016541,13626.800483
7.45,sustain,230.278203,3.463042,0.010203,7.184489,0.021898,25.6,10.024714,1.022236,15.215059,1.551504,2.553689,286.653246,13.503246,98589.138883,98.589139,1.198148,339.409033,1.8e-05,1.5e-05,0.97808,0.972999,19557.048028,17461.650025
7.5,sustain,230.470446,4.223619,0.012444,10.686652,0.032573,25.6,10.020918,1.021849,15.214092,1.551406,2.554656,286.651996,13.501996,98586.880251,98.58688,1.198125,339.408293,1.8e-05,1.5e-05,0.978062,0.972977,23851.936314,21296.371709
7.55,sustain,230.700715,4.984098,0.014685,14.881125,0.045357,25.6,10.017122,1.021462,15.211058,1.551096,2.555624,286.6505,13.5005,98584.174903,98.584175,1.198099,339.407407,1.8e-05,1.5e-05,0.97804,0.97295,28146.06219,25130.41267
7.6,sustain,230.969004,5.744378,0.016925,19.766845,0.060249,25.6,10.013326,1.021075,15.205958,1.550576,2.556593,286.648756,13.498756,98581.022956,98.581023,1.198068,339.406375,1.8e-05,1.5e-05,0.978014,0.972919,32438.806596,28963.220175
7.65,sustain,231.2753,6.504355,0.019164,25.342357,0.077243,25.6,10.00953,1.020688,15.198795,1.549846,2.557563,286.646765,13.496765,98577.424592,98.577425,1.198032,339.405196,1.8e-05,1.5e-05,0.977986,0.972884,36729.550981,32794.241947
7.7,sustain,231.619585,7.263927,0.021402,31.605819,0.096334,25.6,10.005734,1.020301,15.18957,1.548905,2.558533,286.644528,13.494528,98573.380059,98.57338,1.197993,339.403872,1.8e-05,1.5e-05,0.977953,0.972844,41017.677657,36622.92648
7.75,sustain,232.001836,8.022992,0.023639,38.555005,0.117515,25.6,10.001938,1.019914,15.17829,1.547755,2.559504,286.642043,13.492043,98568.88967,98.56889,1.197948,339.402401,1.8e-05,1.5e-05,0.977917,0.972799,45302.570154,40448.723352
7.8,sustain,232.422026,8.781447,0.025873,46.187302,0.140778,25.6,9.998142,1.019527,15.164959,1.546395,2.560476,286.639312,13.489312,98563.953803,98.563954,1.1979,339.400784,1.8e-05,1.5e-05,0.977877,0.972751,49583.613574,44271.083549
7.85,sustain,232.88012,9.53919,0.028106,54.49972,0.166114,25.6,9.994345,1.01914,15.149584,1.544828,2.561448,286.636335,13.486335,98558.5729,98.558573,1.197847,339.399021,1.8e-05,1.5e-05,0.977834,0.972697,53860.194943,48089.45977
7.9,sustain,233.376082,10.29612,0.030336,63.488887,0.193512,25.6,9.990549,1.018753,15.132172,1.543052,2.562422,286.633111,13.483111,98552.747468,98.552747,1.197789,339.397113,1.8e-05,1.5e-05,0.977787,0.97264,58131.703559,51903.306749
7.95,sustain,233.909869,11.052137,0.032564,73.15106,0.222962,25.6,9.986753,1.018365,15.112733,1.54107,2.563396,286.629642,13.479642,98546.478078,98.546478,1.197728,339.395059,1.8e-05,1.5e-05,0.977737,0.972578,62397.531343,55712.081556
8.0,sustain,234.48143,11.807139,0.034789,83.482123,0.254451,25.6,9.982957,1.017978,15.091276,1.538882,2.56437,286.625927,13.475927,98539.765366,98.539765,1.197662,339.392859,1.8e-05,1.5e-05,0.977683,0.972512,66657.073181,59515.243911
8.05,sustain,235.090715,12.561026,0.037011,94.477595,0.287965,25.6,9.979161,1.017591,15.067813,1.536489,2.565346,286.621967,13.471967,98532.61003,98.53261,1.197591,339.390515,1.8e-05,1.5e-05,0.977626,0.972441,70909.727265,63312.256486
8.1,sustain,235.737663,13.313699,0.039229,106.132636,0.323489,25.6,9.975365,1.017204,15.042355,1.533893,2.566322,286.617762,13.467762,98525.012834,98.525013,1.197517,339.388025,1.8e-05,1.5e-05,0.977564,0.972366,75154.895431,67102.585207
8.15,sustain,236.422213,14.065059,0.041443,118.442048,0.361008,25.6,9.971569,1.016817,15.014917,1.531095,2.567299,286.613313,13.463313,98516.974601,98.516975,1.197437,339.385391,1.8e-05,1.5e-05,0.9775,0.972287,79391.983494,70885.699548
8.2,sustain,237.144296,14.815007,0.043653,131.400283,0.400505,25.6,9.967773,1.01643,14.985512,1.528097,2.568277,286.60862,13.45862,98508.496219,98.508496,1.197354,339.382612,1.8e-05,1.5e-05,0.977432,0.972203,83620.401573,74661.072833
8.25,sustain,237.903838,15.563448,0.045859,145.00145,0.441961,25.6,9.963977,1.016043,14.954156,1.5249,2.569255,286.603683,13.453683,98499.578638,98.499579,1.197266,339.379689,1.8e-05,1.5e-05,0.97736,0.972115,87839.564416,78428.182514
8.3,sustain,238.700763,16.310283,0.04806,159.23932,0.485357,25.6,9.96018,1.015656,14.920865,1.521505,2.570235,286.598503,13.448503,98490.222869,98.490223,1.197174,339.376623,1.8e-05,1.5e-05,0.977285,0.972023,92048.891721,82186.510465
8.35,sustain,239.534988,17.055418,0.050256,174.107335,0.530674,25.6,9.956384,1.015269,14.885657,1.517915,2.571215,286.593081,13.443081,98480.429984,98.48043,1.197078,339.373412,1.8e-05,1.5e-05,0.977206,0.971926,96247.808445,85935.543255
8.4,sustain,240.406424,17.798757,0.052446,189.598611,0.577891,25.6,9.952588,1.014882,14.848551,1.514131,2.572195,286.587417,13.437417,98470.201114,98.470201,1.196977,339.370059,1.8e-05,1.5e-05,0.977124,0.971825,100435.745114,89674.772423
8.45,sustain,241.31498,18.540206,0.054632,205.705951,0.626986,25.6,9.948792,1.014494,14.809565,1.510155,2.573177,286.581512,13.431512,98459.537452,98.459537,1.196872,339.366563,1.8e-05,1.5e-05,0.977038,0.97172,104612.13812,93403.69475
8.5,sustain,242.26056,19.279674,0.056811,222.421848,0.677936,25.6,9.944996,1.014107,14.768721,1.50599,2.574159,286.575366,13.425366,98448.440249,98.44844,1.196763,339.362924,1.8e-05,1.5e-05,0.976949,0.971611,108776.430017,97121.812515
8.55,sustain,243.243061,20.017067,0.058985,239.738497,0.730717,25.6,9.9412,1.01372,14.726039,1.501638,2.575142,286.568981,13.418981,98436.910813,98.436911,1.196649,339.359143,1.8e-05,1.5e-05,0.976857,0.971497,112928.069808,100828.633757
8.6,sustain,244.262378,20.752295,0.061152,257.647801,0.785304,25.6,9.937404,1.013333,14.681541,1.497101,2.576126,286.562356,13.412356,98424.950513,98.424951,1.196532,339.35522,1.8e-05,1.5e-05,0.97676,0.971379,117066.513222,104523.672519
8.65,sustain,245.3184,21.485269,0.063313,276.141381,0.841672,25.6,9.933608,1.012946,14.635252,1.49238,2.57711,286.555492,13.405492,98412.560772,98.412561,1.19641,339.351156,1.8e-05,1.5e-05,0.976661,0.971256,121191.222988,108206.449096
8.7,sustain,246.411012,22.2159,0.065467,295.210584,0.899794,25.6,9.929811,1.012559,14.587195,1.48748,2.578095,286.548391,13.398391,98399.743071,98.399743,1.196283,339.346951,1.8e-05,1.5e-05,0.976558,0.97113,125301.669098,111876.490266
8.75,sustain,247.540095,22.944101,0.067613,314.846495,0.959644,25.6,9.926015,1.012172,14.537394,1.482402,2.579081,286.541052,13.391052,98386.498946,98.386499,1.196153,339.342605,1.8e-05,1.5e-05,0.976451,0.970999,129397.329064,115533.329521
8.8,sustain,248.705525,23.669786,0.069753,335.039941,1.021193,25.6,9.922219,1.011785,14.485875,1.477148,2.580068,286.533477,13.383477,98372.829986,98.37283,1.196019,339.33812,1.8e-05,1.5e-05,0.976342,0.970864,133477.688162,119176.507287
8.85,sustain,249.907175,24.392871,0.071885,355.781509,1.084413,25.6,9.918423,1.011398,14.432666,1.471722,2.581055,286.525667,13.375667,98358.737837,98.358738,1.19588,339.333495,1.8e-05,1.5e-05,0.976228,0.970725,137542.239675,122805.571138
8.9,sustain,251.144912,25.113272,0.074009,377.061549,1.149273,25.6,9.914627,1.011011,14.377792,1.466127,2.582044,286.517623,13.367623,98344.224196,98.344224,1.195737,339.328732,1.8e-05,1.5e-05,0.976112,0.970582,141590.48512,126420.076
8.95,sustain,252.4186,25.830908,0.076125,398.870185,1.215746,25.6,9.910831,1.010623,14.321282,1.460364,2.583033,286.509344,13.359344,98329.290812,98.329291,1.19559,339.32383,1.8e-05,1.5e-05,0.975992,0.970435,145621.934473,130019.584351
9.0,sustain,253.728099,26.545698,0.078232,421.197329,1.283798,25.6,9.907035,1.010236,14.263164,1.454438,2.584022,286.500833,13.350833,98313.939485,98.313939,1.195439,339.31879,1.8e-05,1.5e-05,0.975868,0.970283,149636.106375,133603.666407
9.05,sustain,255.073264,27.257562,0.080331,444.03269,1.3534,25.6,9.903239,1.009849,14.203468,1.448351,2.585013,286.49209,13.34209,98298.172066,98.298172,1.195283,339.313612,1.8e-05,1.5e-05,0.975742,0.970128,153632.528341,137171.900304
9.1,sustain,256.453947,27.966424,0.082422,467.365781,1.424518,25.6,9.899442,1.009462,14.142223,1.442105,2.586004,286.483117,13.333117,98281.990455,98.28199,1.195124,339.308298,1.8e-05,1.5e-05,0.975612,0.969968,157610.736946,140723.872273
9.15,sustain,257.869996,28.672208,0.084503,491.185934,1.497122,25.6,9.895646,1.009075,14.07946,1.435705,2.586996,286.473913,13.323913,98265.396602,98.265397,1.194961,339.302848,1.8e-05,1.5e-05,0.975478,0.969804,161570.278017,144259.176801
9.2,sustain,259.321256,29.374839,0.086576,515.48231,1.571176,25.6,9.89185,1.008688,14.015209,1.429154,2.587989,286.464481,13.314481,98248.3925,98.248392,1.194793,339.297262,1.8e-05,1.5e-05,0.975341,0.969636,165510.706801,147777.416787
9.25,sustain,260.807567,30.074244,0.088638,540.243909,1.646649,25.6,9.888054,1.008301,13.949504,1.422453,2.588983,286.45482,13.30482,98230.980192,98.23098,1.194622,339.291541,1.8e-05,1.5e-05,0.975202,0.969464,169431.588129,151278.203687
9.3,sustain,262.328765,30.770351,0.090692,565.459579,1.723506,25.6,9.884258,1.007914,13.882374,1.415608,2.589977,286.444933,13.294933,98213.161766,98.213162,1.194446,339.285685,1.8e-05,1.5e-05,0.975058,0.969289,173332.496574,154761.157656
9.35,sustain,263.884685,31.463092,0.092735,591.118032,1.801712,25.6,9.880462,1.007527,13.813853,1.408621,2.590972,286.434821,13.284821,98194.939353,98.194939,1.194267,339.279696,1.8e-05,1.5e-05,0.974912,0.969109,177213.016593,158225.907672
9.4,sustain,265.475155,32.152398,0.094768,617.20785,1.881233,25.6,9.876666,1.00714,13.743975,1.401495,2.591968,286.424484,13.274484,98176.315128,98.176315,1.194083,339.273574,1.8e-05,1.5e-05,0.974762,0.968925,181072.742659,161672.09166
9.45,sustain,267.100003,32.838203,0.096792,643.717498,1.962034,25.6,9.87287,1.006753,13.672771,1.394235,2.592964,286.413923,13.263923,98157.291308,98.157291,1.193896,339.267319,1.8e-05,1.5e-05,0.974609,0.968737,184911.279392,165099.3566
9.5,sustain,268.759053,33.520442,0.098804,670.635336,2.044079,25.6,9.869073,1.006365,13.600277,1.386842,2.593962,286.40314,13.25314,98137.87015,98.13787,1.193705,339.260933,1.8e-05,1.5e-05,0.974453,0.968545,188728.241665,168507.35863
9.55,sustain,270.452123,34.199052,0.100807,697.949627,2.127332,25.6,9.865277,1.005978,13.526525,1.379322,2.59496,286.392136,13.242136,98118.053952,98.118054,1.19351,339.254415,1.8e-05,1.5e-05,0.974294,0.96835,192523.254716,171895.76314
9.6,sustain,272.179032,34.873972,0.102798,725.648551,2.211757,25.6,9.861481,1.005591,13.451551,1.371676,2.595959,286.380912,13.230912,98097.845052,98.097845,1.193311,339.247768,1.8e-05,1.5e-05,0.974131,0.96815,196295.954238,175264.244855
9.65,sustain,273.939593,35.545142,0.104778,753.720214,2.297319,25.6,9.857685,1.005204,13.375389,1.36391,2.596959,286.369469,13.219469,98077.245824,98.077246,1.193108,339.24099,1.8e-05,1.5e-05,0.973965,0.967947,200045.986463,178612.487913
9.7,sustain,275.733616,36.212505,0.106748,782.152659,2.38398,25.6,9.853889,1.004817,13.298073,1.356026,2.597959,286.357809,13.207809,98056.258679,98.056259,1.192901,339.234083,1.8e-05,1.5e-05,0.973797,0.96774,203773.008239,181940.185928
9.75,sustain,277.560912,36.876004,0.108706,810.933877,2.471705,25.6,9.850093,1.00443,13.21964,1.348028,2.59896,286.345933,13.195933,98034.886063,98.034886,1.19269,339.227049,1.8e-05,1.5e-05,0.973625,0.967529,207476.687096,185247.04205
9.8,sustain,279.421284,37.535585,0.110653,840.051816,2.560455,25.6,9.846297,1.004043,13.140124,1.33992,2.599962,286.333841,13.183841,98013.130459,98.01313,1.192476,339.219886,1.8e-05,1.5e-05,0.97345,0.967314,211156.701295,188532.769014
9.85,sustain,281.314536,38.191196,0.112588,869.494395,2.650196,25.6,9.842501,1.003656,13.059561,1.331705,2.600965,286.321536,13.171536,97990.994379,97.990994,1.192258,339.212597,1.8e-05,1.5e-05,0.973272,0.967096,214812.739882,191797.08918
9.9,sustain,283.240467,38.842787,0.114511,899.249509,2.740888,25.6,9.838704,1.003269,12.977987,1.323386,2.601969,286.309019,13.159019,97968.480371,97.96848,1.192036,339.205183,1.8e-05,1.5e-05,0.973091,0.966874,218444.502715,195039.734567
9.95,sustain,285.198876,39.490307,0.116423,929.305043,2.832497,25.6,9.834908,1.002882,12.895436,1.314969,2.602973,286.29629,13.14629,97945.591012,97.945591,1.191811,339.197642,1.8e-05,1.5e-05,0.972907,0.966648,222051.700497,198260.446872
10.0,sustain,287.189558,40.13371,0.118322,959.648883,2.924984,25.6,9.831112,1.002494,12.811945,1.306455,2.603978,286.283352,13.133352,97922.328909,97.922329,1.191581,339.189978,1.8e-05,1.5e-05,0.97272,0.966418,225634.05479,201458.977491
10.05,sustain,289.212306,40.77295,0.12021,990.26892,3.018313,25.6,9.827316,1.002107,12.727549,1.297849,2.604984,286.270206,13.120206,97898.696698,97.898697,1.191349,339.18219,1.8e-05,1.5e-05,0.972529,0.966185,229191.298025,204635.087522
10.1,sustain,291.266911,41.407985,0.122085,1021.153065,3.112447,25.6,9.82352,1.00172,12.642285,1.289154,2.605991,286.256852,13.106852,97874.697042,97.874697,1.191112,339.174279,1.8e-05,1.5e-05,0.972336,0.965948,232723.173499,207788.547767
10.15,sustain,293.35316,42.038772,0.123947,1052.289257,3.207349,25.6,9.819724,1.001333,12.556187,1.280375,2.606998,286.243292,13.093292,97850.332632,97.850333,1.190872,339.166245,1.8e-05,1.5e-05,0.97214,0.965708,236229.435367,210919.138721
10.2,sustain,295.470842,42.665271,0.125798,1083.665471,3.302983,25.6,9.815928,1.000946,12.469292,1.271514,2.608006,286.229529,13.079529,97825.606181,97.825606,1.190628,339.158091,1.8e-05,1.5e-05,0.971942,0.965464,239709.848623,214026.650556
10.25,sustain,297.61974,43.287444,0.127635,1115.269727,3.399312,25.6,9.812132,1.000559,12.381635,1.262575,2.609015,286.215562,13.065562,97800.520429,97.80052,1.190381,339.149816,1.8e-05,1.5e-05,0.97174,0.965216,243164.189072,217110.8831
10.3,sustain,299.799638,43.905254,0.12946,1147.090101,3.4963,25.6,9.808335,1.000172,12.293252,1.253563,2.610025,286.201394,13.051394,97775.078138,97.775078,1.19013,339.141422,1.8e-05,1.5e-05,0.971535,0.964965,246592.243297,220171.645801
10.35,coast-to-apogee,302.000508,43.813581,0.129193,1142.061929,3.480974,0.0,9.80665,1.0,-13.287624,-1.354961,0.0,286.18709,13.03709,97749.396522,97.749397,1.189877,339.132947,1.8e-05,1.5e-05,0.971328,0.964712,246034.595269,219673.745776
10.4,coast-to-apogee,304.174579,43.152759,0.127248,1107.63846,3.376052,0.0,9.80665,1.0,-13.182702,-1.344262,0.0,286.17296,13.02296,97724.033007,97.724033,1.189627,339.124575,1.8e-05,1.5e-05,0.971124,0.964461,242282.153751,216323.351564
10.45,coast-to-apogee,306.315738,42.497096,0.125317,1074.012962,3.273563,0.0,9.80665,1.0,-13.080213,-1.33381,0.0,286.159044,13.009044,97699.058671,97.699059,1.189381,339.116329,1.8e-05,1.5e-05,0.970923,0.964215,238560.574171,213000.512652
10.5,coast-to-apogee,308.424242,41.846473,0.123402,1041.166563,3.173448,0.0,9.80665,1.0,-12.980098,-1.323602,0.0,286.14534,12.99534,97674.470301,97.67447,1.189139,339.108209,1.8e-05,1.5e-05,0.970725,0.963972,234869.134624,209704.584486
10.55,coast-to-apogee,310.500338,41.200772,0.1215,1009.081027,3.075652,0.0,9.80665,1.0,-12.882302,-1.313629,0.0,286.131846,12.981846,97650.26476,97.650265,1.1889,339.100213,1.8e-05,1.5e-05,0.970531,0.963733,231207.130441,206434.937894
10.6,coast-to-apogee,312.54427,40.559879,0.119613,977.738731,2.980121,0.0,9.80665,1.0,-12.786771,-1.303888,0.0,286.118562,12.968562,97626.438984,97.626439,1.188665,339.092342,1.8e-05,1.5e-05,0.970339,0.963498,227573.873601,203190.958573
10.65,coast-to-apogee,314.556276,39.923682,0.11774,947.122639,2.886804,0.0,9.80665,1.0,-12.693454,-1.294372,0.0,286.105485,12.955485,97602.98998,97.60299,1.188434,339.084593,1.8e-05,1.5e-05,0.97015,0.963267,223968.692172,199972.046582
10.7,coast-to-apogee,316.536588,39.292072,0.11588,917.216282,2.795651,0.0,9.80665,1.0,-12.602301,-1.285077,0.0,286.092615,12.942615,97579.914826,97.579915,1.188206,339.076966,1.8e-05,1.5e-05,0.969964,0.963039,220390.929768,196777.615864
10.75,coast-to-apogee,318.485432,38.664942,0.114033,888.00374,2.706612,0.0,9.80665,1.0,-12.513262,-1.275998,0.0,286.079948,12.929948,97557.210669,97.557211,1.187983,339.069459,1.8e-05,1.5e-05,0.969782,0.962815,216839.94503,193607.093777
10.8,coast-to-apogee,320.40303,38.042188,0.112198,859.469614,2.61964,0.0,9.80665,1.0,-12.42629,-1.267129,0.0,286.067485,12.917485,97534.874721,97.534875,1.187762,339.062074,1.8e-05,1.5e-05,0.969602,0.962594,213315.111127,190459.920649
10.85,coast-to-apogee,322.289598,37.423709,0.110377,831.599016,2.534692,0.0,9.80665,1.0,-12.341342,-1.258467,0.0,286.055224,12.905224,97512.904261,97.512904,1.187546,339.054807,1.8e-05,1.5e-05,0.969425,0.962378,209815.81527,187335.549349
10.9,coast-to-apogee,324.145347,36.809403,0.108567,804.377546,2.451721,0.0,9.80665,1.0,-12.258371,-1.250006,0.0,286.043163,12.893163,97491.29663,97.491297,1.187333,339.047659,1.8e-05,1.5e-05,0.969251,0.962164,206341.45825,184233.444866
10.95,coast-to-apogee,325.970484,36.199174,0.106769,777.791272,2.370687,0.0,9.80665,1.0,-12.177337,-1.241743,0.0,286.0313,12.8813,97470.049235,97.470049,1.187123,339.040629,1.8e-05,1.5e-05,0.96908,0.961955,202891.453987,181153.083917
11.0,coast-to-apogee,327.76521,35.592927,0.104983,751.826722,2.291548,0.0,9.80665,1.0,-12.098198,-1.233673,0.0,286.019636,12.869636,97449.15954,97.44916,1.186917,339.033716,1.8e-05,1.5e-05,0.968912,0.961748,199465.229098,178093.954552
11.05,coast-to-apogee,329.529721,34.990567,0.103209,726.470858,2.214264,0.0,9.80665,1.0,-12.020914,-1.225792,0.0,286.008168,12.858168,97428.625072,97.428625,1.186714,339.026919,1.8e-05,1.5e-05,0.968747,0.961546,196062.222485,175055.55579
11.1,coast-to-apogee,331.264209,34.392003,0.101445,701.711068,2.138797,0.0,9.80665,1.0,-11.945447,-1.218097,0.0,285.996895,12.846895,97408.443414,97.408443,1.186515,339.020237,1.8e-05,1.5e-05,0.968584,0.961347,192681.884924,172037.397254
11.15,coast-to-apogee,332.968863,33.797145,0.099693,677.535147,2.065109,0.0,9.80665,1.0,-11.871759,-1.210583,0.0,285.985816,12.835816,97388.612209,97.388612,1.18632,339.013671,1.8e-05,1.5e-05,0.968424,0.961151,189323.678687,169038.998828
11.2,coast-to-apogee,334.643866,33.205907,0.09795,653.931288,1.993165,0.0,9.80665,1.0,-11.799815,-1.203246,0.0,285.974929,12.824929,97369.129153,97.369129,1.186128,339.007218,1.8e-05,1.5e-05,0.968267,0.960959,185987.07716,166059.890321
11.25,coast-to-apogee,336.289395,32.618201,0.096219,630.888061,1.92293,0.0,9.80665,1.0,-11.72958,-1.196084,0.0,285.964235,12.814235,97349.991999,97.349992,1.185939,339.000879,1.8e-05,1.5e-05,0.968113,0.96077,182671.564483,163099.611146
11.3,coast-to-apogee,337.905626,32.033943,0.094497,608.394408,1.85437,0.0,9.80665,1.0,-11.66102,-1.189093,0.0,285.95373,12.80373,97331.198554,97.331199,1.185753,338.994653,1.8e-05,1.5e-05,0.967962,0.960584,179376.635202,160157.710002
11.35,coast-to-apogee,339.492729,31.453051,0.092785,586.439625,1.787452,0.0,9.80665,1.0,-11.594102,-1.182269,0.0,285.943415,12.793415,97312.746677,97.312747,1.185571,338.988538,1.8e-05,1.5e-05,0.967813,0.960402,176101.793932,157233.744582
11.4,coast-to-apogee,341.05087,30.875444,0.091083,565.013356,1.722146,0.0,9.80665,1.0,-11.528796,-1.17561,0.0,285.933288,12.783288,97294.634278,97.294634,1.185393,338.982536,1.8e-05,1.5e-05,0.967668,0.960223,172846.555027,154327.281274
11.45,coast-to-apogee,342.580212,30.301043,0.08939,544.105574,1.658419,0.0,9.80665,1.0,-11.465069,-1.169112,0.0,285.923349,12.773349,97276.859319,97.276859,1.185217,338.976644,1.8e-05,1.5e-05,0.967524,0.960048,169610.442267,151437.894881
11.5,coast-to-apogee,344.080912,29.729768,0.087706,523.706577,1.596244,0.0,9.80665,1.0,-11.402894,-1.162772,0.0,285.913595,12.763595,97259.419811,97.25942,1.185045,338.970862,1.8e-05,1.5e-05,0.967384,0.959876,166392.988554,148565.168352
11.55,coast-to-apogee,345.553125,29.161545,0.086031,503.806975,1.53559,0.0,9.80665,1.0,-11.34224,-1.156587,0.0,285.904027,12.754027,97242.313814,97.242314,1.184877,338.96519,1.8e-05,1.5e-05,0.967246,0.959707,163193.735613,145708.692512
11.6,coast-to-apogee,346.997003,28.596297,0.084365,484.397679,1.476431,0.0,9.80665,1.0,-11.283081,-1.150554,0.0,285.894643,12.744643,97225.539436,97.225539,1.184711,338.959627,1.8e-05,1.5e-05,0.967111,0.959541,160012.233712,142868.065814
11.65,coast-to-apogee,348.412691,28.033951,0.082707,465.469896,1.41874,0.0,9.80665,1.0,-11.22539,-1.144671,0.0,285.885442,12.735442,97209.094831,97.209095,1.184549,338.954173,1.8e-05,1.5e-05,0.966979,0.959379,156848.041377,140042.894087
11.7,coast-to-apogee,349.800333,27.474435,0.081058,447.015112,1.36249,0.0,9.80665,1.0,-11.16914,-1.138935,0.0,285.876423,12.726423,97192.978201,97.192978,1.18439,338.948826,1.8e-05,1.5e-05,0.966849,0.95922,153700.725134,137232.790298
11.75,coast-to-apogee,351.160068,26.917677,0.079416,429.025092,1.307657,0.0,9.80665,1.0,-11.114307,-1.133344,0.0,285.867586,12.717586,97177.187791,97.177188,1.184234,338.943587,1.8e-05,1.5e-05,0.966722,0.959064,150569.85924,134437.374322
11.8,coast-to-apogee,352.492034,26.363608,0.077783,411.491864,1.254216,0.0,9.80665,1.0,-11.060866,-1.127894,0.0,285.858929,12.708929,97161.721892,97.161722,1.184081,338.938455,1.8e-05,1.5e-05,0.966597,0.958912,147455.02544,131656.272714
11.85,coast-to-apogee,353.796362,25.812159,0.076157,394.407718,1.202144,0.0,9.80665,1.0,-11.008794,-1.122585,0.0,285.850452,12.700452,97146.578838,97.146579,1.183932,338.933429,1.8e-05,1.5e-05,0.966475,0.958762,144355.812715,128889.118495
11.9,coast-to-apogee,355.073183,25.263262,0.074539,377.765193,1.151418,0.0,9.80665,1.0,-10.958068,-1.117412,0.0,285.842153,12.692153,97131.757006,97.131757,1.183786,338.92851,1.8e-05,1.5e-05,0.966356,0.958616,141271.817053,126135.55094
11.95,coast-to-apogee,356.32262,24.716851,0.072927,361.557071,1.102016,0.0,9.80665,1.0,-10.908666,-1.112374,0.0,285.834033,12.684033,97117.254816,97.117255,1.183643,338.923695,1.8e-05,1.5e-05,0.966239,0.958473,138202.641214,123395.21537
12.0,coast-to-apogee,357.544799,24.172861,0.071323,345.776371,1.053917,0.0,9.80665,1.0,-10.860567,-1.10747,0.0,285.82609,12.67609,97103.070728,97.103071,1.183503,338.918986,1.8e-05,1.5e-05,0.966125,0.958333,135147.894512,120667.762957
12.05,coast-to-apogee,358.739837,23.631227,0.069726,330.416341,1.0071,0.0,9.80665,1.0,-10.81375,-1.102696,0.0,285.818323,12.668323,97089.203244,97.089203,1.183366,338.914381,1.8e-05,1.5e-05,0.966013,0.958196,132107.192595,117952.850531
12.1,coast-to-apogee,359.907852,23.091886,0.068136,315.470454,0.961545,0.0,9.80665,1.0,-10.768195,-1.09805,0.0,285.810731,12.660731,97075.650906,97.075651,1.183232,338.90988,1.8e-05,1.5e-05,0.965904,0.958062,129080.157237,115250.140391
12.15,coast-to-apogee,361.048955,22.554775,0.066552,300.932397,0.917234,0.0,9.80665,1.0,-10.723884,-1.093532,0.0,285.803315,12.653315,97062.412295,97.062412,1.183101,338.905483,1.8e-05,1.5e-05,0.965797,0.957932,126066.416135,112559.30012
12.2,coast-to-apogee,362.163258,22.019834,0.064974,286.796069,0.874147,0.0,9.80665,1.0,-10.680797,-1.089138,0.0,285.796073,12.646073,97049.486031,97.049486,1.182974,338.901189,1.8e-05,1.5e-05,0.965693,0.957804,123065.602708,109880.002418
12.25,coast-to-apogee,363.250867,21.487003,0.063403,273.055575,0.832266,0.0,9.80665,1.0,-10.638916,-1.084868,0.0,285.789004,12.639004,97036.870773,97.036871,1.182849,338.896998,1.8e-05,1.5e-05,0.965591,0.957679,120077.355907,107211.924917
12.3,coast-to-apogee,364.311886,20.95622,0.061837,259.705218,0.791575,0.0,9.80665,1.0,-10.598225,-1.080718,0.0,285.782108,12.632108,97024.565217,97.024565,1.182728,338.89291,1.8e-05,1.5e-05,0.965492,0.957558,117101.320027,104554.750024
12.35,coast-to-apogee,365.346416,20.427428,0.060278,246.739497,0.752055,0.0,9.80665,1.0,-10.558705,-1.076688,0.0,285.775385,12.625385,97012.568097,97.012568,1.182609,338.888923,1.8e-05,1.5e-05,0.965395,0.95744,114137.144525,101908.164754
12.4,coast-to-apogee,366.354556,19.900569,0.058724,234.153098,0.713692,0.0,9.80665,1.0,-10.520342,-1.072776,0.0,285.768833,12.618833,97000.878182,97.000878,1.182494,338.885038,1.8e-05,1.5e-05,0.965301,0.957324,111184.483839,99271.860571
12.45,coast-to-apogee,367.336399,19.375586,0.057175,221.940892,0.67647,0.0,9.80665,1.0,-10.48312,-1.068981,0.0,285.762451,12.612451,96989.49428,96.989494,1.182382,338.881254,1.8e-05,1.5e-05,0.965209,0.957212,108242.997223,96645.533235
12.5,coast-to-apogee,368.29204,18.852422,0.055632,210.097932,0.640373,0.0,9.80665,1.0,-10.447023,-1.0653,0.0,285.75624,12.60624,96978.415231,96.978415,1.182272,338.877572,1.8e-05,1.5e-05,0.96512,0.957103,105312.348569,94028.882651
12.55,coast-to-apogee,369.221567,18.331022,0.054094,198.619443,0.605387,0.0,9.80665,1.0,-10.412037,-1.061732,0.0,285.750199,12.600199,96967.639913,96.96764,1.182166,338.873989,1.8e-05,1.5e-05,0.965033,0.956996,102392.20625,91421.612723
12.6,coast-to-apogee,370.125066,17.811331,0.052561,187.500823,0.571497,0.0,9.80665,1.0,-10.378147,-1.058277,0.0,285.744327,12.594327,96957.167237,96.957167,1.182062,338.870508,1.8e-05,1.5e-05,0.964949,0.956893,99482.242956,88823.431211
12.65,coast-to-apogee,371.002624,17.293295,0.051033,176.737636,0.538692,0.0,9.80665,1.0,-10.345342,-1.054931,0.0,285.738624,12.588624,96946.99615,96.946996,1.181962,338.867126,1.8e-05,1.5e-05,0.964867,0.956792,96582.135541,86234.04959
12.7,coast-to-apogee,371.854319,16.776861,0.049509,166.325609,0.506956,0.0,9.80665,1.0,-10.313606,-1.051695,0.0,285.733088,12.583088,96937.125631,96.937126,1.181865,338.863843,1.8e-05,1.5e-05,0.964787,0.956695,93691.564868,83653.182918
12.75,coast-to-apogee,372.680232,16.261975,0.04799,156.260629,0.476278,0.0,9.80665,1.0,-10.282928,-1.048567,0.0,285.727721,12.577721,96927.554693,96.927555,1.18177,338.86066,1.8e-05,1.5e-05,0.96471,0.956601,90810.215662,81080.549698
12.8,coast-to-apogee,373.480439,15.748585,0.046476,146.538737,0.446646,0.0,9.80665,1.0,-10.253296,-1.045545,0.0,285.72252,12.57252,96918.282382,96.918282,1.181679,338.857576,1.8e-05,1.5e-05,0.964636,0.956509,87937.776361,78515.871751
12.85,coast-to-apogee,374.255012,15.23664,0.044965,137.156128,0.418048,0.0,9.80665,1.0,-10.224698,-1.042629,0.0,285.717486,12.567486,96909.307778,96.909308,1.18159,338.854591,1.8e-05,1.5e-05,0.964563,0.956421,85073.93898,75958.874089
12.9,coast-to-apogee,375.004024,14.726089,0.043459,128.109145,0.390473,0.0,9.80665,1.0,-10.197123,-1.039817,0.0,285.712618,12.562618,96900.629991,96.90063,1.181504,338.851704,1.8e-05,1.5e-05,0.964493,0.956335,82218.398966,73409.284791
12.95,coast-to-apogee,375.727542,14.216881,0.041956,119.394276,0.363911,0.0,9.80665,1.0,-10.170561,-1.037109,0.0,285.707915,12.557915,96892.248164,96.892248,1.181421,338.848916,1.8e-05,1.5e-05,0.964426,0.956252,79370.855067,70866.834881
13.0,coast-to-apogee,376.425632,13.708965,0.040458,111.008154,0.33835,0.0,9.80665,1.0,-10.145,-1.034502,0.0,285.703378,12.553378,96884.161471,96.884161,1.181342,338.846226,1.8e-05,1.5e-05,0.964361,0.956172,76531.009193,68331.258208
13.05,coast-to-apogee,377.098357,13.202294,0.038963,102.947549,0.313781,0.0,9.80665,1.0,-10.120431,-1.031997,0.0,285.699006,12.549006,96876.369118,96.876369,1.181265,338.843633,1.8e-05,1.5e-05,0.964298,0.956095,73698.566294,65802.291333
13.1,coast-to-apogee,377.74578,12.696816,0.037471,95.209371,0.290196,0.0,9.80665,1.0,-10.096846,-1.029592,0.0,285.694798,12.544798,96868.870342,96.86887,1.181191,338.841138,1.8e-05,1.5e-05,0.964237,0.956021,70873.234222,63279.673412
13.15,coast-to-apogee,378.367957,12.192485,0.035983,87.790663,0.267584,0.0,9.80665,1.0,-10.074234,-1.027286,0.0,285.690755,12.540755,96861.664409,96.861664,1.18112,338.83874,1.8e-05,1.5e-05,0.964179,0.95595,68054.723614,60763.146084
13.2,coast-to-apogee,378.964946,11.689252,0.034498,80.688601,0.245937,0.0,9.80665,1.0,-10.052587,-1.025079,0.0,285.686875,12.536875,96854.750617,96.854751,1.181051,338.836439,1.8e-05,1.5e-05,0.964123,0.955882,65242.747766,58252.453362
13.25,coast-to-apogee,379.536799,11.187069,0.033016,73.900489,0.225247,0.0,9.80665,1.0,-10.031897,-1.022969,0.0,285.683158,12.533158,96848.128294,96.848128,1.180986,338.834235,1.8e-05,1.5e-05,0.96407,0.955817,62437.022511,55747.341528
13.3,coast-to-apogee,380.083569,10.685888,0.031537,67.423761,0.205506,0.0,9.80665,1.0,-10.012156,-1.020956,0.0,285.679605,12.529605,96841.796797,96.841797,1.180923,338.832127,1.8e-05,1.5e-05,0.964019,0.955754,59637.266104,53247.559021
13.35,coast-to-apogee,380.605304,10.185664,0.030061,61.255974,0.186707,0.0,9.80665,1.0,-9.993357,-1.019039,0.0,285.676214,12.526214,96835.755511,96.835756,1.180864,338.830116,1.8e-05,1.5e-05,0.96397,0.955695,56843.199099,50752.856339
13.4,coast-to-apogee,381.102051,9.686349,0.028588,55.394812,0.168842,0.0,9.80665,1.0,-9.975492,-1.017217,0.0,285.672985,12.522985,96830.003855,96.830004,1.180807,338.828202,1.8e-05,1.5e-05,0.963924,0.955638,54054.544244,48262.985932
13.45,coast-to-apogee,381.573853,9.187897,0.027117,49.838077,0.151905,0.0,9.80665,1.0,-9.958555,-1.01549,0.0,285.669919,12.519919,96824.541272,96.824541,1.180753,338.826383,1.8e-05,1.5e-05,0.96388,0.955584,51271.026358,45777.702105
13.5,coast-to-apogee,382.020754,8.690262,0.025648,44.583692,0.13589,0.0,9.80665,1.0,-9.94254,-1.013857,0.0,285.667014,12.517014,96819.367237,96.819367,1.180702,338.824661,1.8e-05,1.5e-05,0.963838,0.955533,48492.372227,43296.760917
13.55,coast-to-apogee,382.442793,8.193399,0.024182,39.629698,0.12079,0.0,9.80665,1.0,-9.92744,-1.012317,0.0,285.664271,12.514271,96814.481251,96.814481,1.180654,338.823034,1.8e-05,1.5e-05,0.963799,0.955485,45718.310491,40819.920082
13.6,coast-to-apogee,382.840007,7.697263,0.022718,34.974254,0.106601,0.0,9.80665,1.0,-9.913251,-1.01087,0.0,285.66169,12.51169,96809.882848,96.809883,1.180608,338.821503,1.8e-05,1.5e-05,0.963762,0.955439,42948.57154,38346.938875
13.65,coast-to-apogee,383.212432,7.201808,0.021256,30.615631,0.093316,0.0,9.80665,1.0,-9.899966,-1.009516,0.0,285.659269,12.509269,96805.571584,96.805572,1.180566,338.820068,1.8e-05,1.5e-05,0.963727,0.955397,40182.887401,35877.578036
13.7,coast-to-apogee,383.5601,6.70699,0.019795,26.552217,0.08093,0.0,9.80665,1.0,-9.88758,-1.008253,0.0,285.65701,12.50701,96801.547049,96.801547,1.180526,338.818728,1.8e-05,1.5e-05,0.963695,0.955357,37420.991638,33411.599677
13.75,coast-to-apogee,383.883042,6.212763,0.018337,22.78251,0.06944,0.0,9.80665,1.0,-9.87609,-1.007081,0.0,285.654911,12.504911,96797.808858,96.797809,1.180489,338.817483,1.8e-05,1.5e-05,0.963664,0.95532,34662.619247,30948.767185
13.8,coast-to-apogee,384.181286,5.719085,0.01688,19.30512,0.058841,0.0,9.80665,1.0,-9.865491,-1.006,0.0,285.652973,12.502973,96794.356653,96.794357,1.180455,338.816333,1.8e-05,1.5e-05,0.963637,0.955286,31907.506553,28488.845137
13.85,coast-to-apogee,384.45486,5.22591,0.015424,16.118767,0.04913,0.0,9.80665,1.0,-9.85578,-1.00501,0.0,285.651195,12.501195,96791.190106,96.79119,1.180424,338.815279,1.8e-05,1.5e-05,0.963611,0.955255,29155.391107,26031.599203
13.9,coast-to-apogee,384.703786,4.733196,0.01397,13.222279,0.040301,0.0,9.80665,1.0,-9.846951,-1.00411,0.0,285.649577,12.499577,96788.308916,96.788309,1.180395,338.81432,1.8e-05,1.5e-05,0.963588,0.955226,26406.011588,23576.796061
13.95,coast-to-apogee,384.928088,4.240897,0.012517,10.614594,0.032353,0.0,9.80665,1.0,-9.839003,-1.003299,0.0,285.648119,12.498119,96785.712807,96.785713,1.18037,338.813455,1.8e-05,1.5e-05,0.963567,0.955201,23659.107699,21124.203303
14.0,coast-to-apogee,385.127784,3.748971,0.011065,8.294757,0.025282,0.0,9.80665,1.0,-9.831932,-1.002578,0.0,285.646821,12.496821,96783.401534,96.783402,1.180347,338.812685,1.8e-05,1.5e-05,0.963548,0.955178,20914.420074,18673.589351
14.05,coast-to-apogee,385.302892,3.257373,0.009614,6.261917,0.019086,0.0,9.80665,1.0,-9.825736,-1.001946,0.0,285.645683,12.495683,96781.374876,96.781375,1.180327,338.81201,1.8e-05,1.5e-05,0.963532,0.955158,18171.690173,16224.723368
14.1,coast-to-apogee,385.453428,2.766062,0.008164,4.515332,0.013763,0.0,9.80665,1.0,-9.820413,-1.001403,0.0,285.644705,12.494705,96779.632642,96.779633,1.180309,338.81143,1.8e-05,1.5e-05,0.963518,0.955141,15430.660189,13777.375169
14.15,coast-to-apogee,385.579404,2.274993,0.006715,3.054364,0.00931,0.0,9.80665,1.0,-9.81596,-1.000949,0.0,285.643886,12.493886,96778.174667,96.778175,1.180295,338.810945,1.8e-05,1.5e-05,0.963506,0.955126,12691.072952,11331.315136
14.2,coast-to-apogee,385.680832,1.784123,0.005266,1.878478,0.005726,0.0,9.80665,1.0,-9.812376,-1.000584,0.0,285.643227,12.493227,96777.000811,96.777001,1.180283,338.810554,1.8e-05,1.5e-05,0.963497,0.955115,9952.671827,8886.314132
14.25,coast-to-apogee,385.757721,1.29341,0.003818,0.987247,0.003009,0.0,9.80665,1.0,-9.809659,-1.000307,0.0,285.642727,12.492727,96776.110964,96.776111,1.180275,338.810257,1.8e-05,1.5e-05,0.96349,0.955106,7215.200624,6442.143414
14.3,coast-to-apogee,385.810077,0.80281,0.002369,0.380344,0.001159,0.0,9.80665,1.0,-9.807809,-1.000118,0.0,285.642387,12.492387,96775.505042,96.775505,1.180269,338.810055,1.8e-05,1.5e-05,0.963485,0.9551,4478.403497,3998.574551
14.35,coast-to-apogee,385.837905,0.312281,0.000922,0.057549,0.000175,0.0,9.80665,1.0,-9.806825,-1.000018,0.0,285.642206,12.492206,96775.182987,96.775183,1.180266,338.809948,1.8e-05,1.5e-05,0.963482,0.955097,1742.024853,1555.379333
