z_m,h_geopot_m,T_K,T_C,p_Pa,p_kPa,p_atm,rho_kgm3,a_ms,mu_Pas,nu_m2s,sigma,delta,theta
0,0.0,288.15,15.0,101325.0,101.325,1.0,1.225,340.293988,1.8e-05,1.5e-05,1.0,1.0,1.0
25,25.0,287.987501,14.837501,101025.032702,101.025033,0.99704,1.222063,340.198022,1.8e-05,1.5e-05,0.997602,0.99704,0.999436
50,50.0,287.825003,14.675003,100725.787237,100.725787,0.994086,1.219131,340.102029,1.8e-05,1.5e-05,0.995209,0.994086,0.998872
75,75.0,287.662506,14.512506,100427.262267,100.427262,0.99114,1.216204,340.00601,1.8e-05,1.5e-05,0.99282,0.99114,0.998308
100,100.0,287.50001,14.35001,100129.456456,100.129456,0.988201,1.213283,339.909965,1.8e-05,1.5e-05,0.990435,0.988201,0.997744
125,125.0,287.337516,14.187516,99832.368469,99.832368,0.985269,1.210367,339.813893,1.8e-05,1.5e-05,0.988055,0.985269,0.99718
150,150.0,287.175023,14.025023,99535.996974,99.535997,0.982344,1.207457,339.717795,1.8e-05,1.5e-05,0.985679,0.982344,0.996616
175,175.0,287.012531,13.862531,99240.340639,99.240341,0.979426,1.204552,339.621671,1.8e-05,1.5e-05,0.983308,0.979426,0.996053
200,200.0,286.850041,13.700041,98945.398136,98.945398,0.976515,1.201652,339.52552,1.8e-05,1.5e-05,0.980941,0.976515,0.995489
225,225.0,286.687552,13.537552,98651.168137,98.651168,0.973611,1.198758,339.429342,1.8e-05,1.5e-05,0.978578,0.973611,0.994925
250,250.0,286.525064,13.375064,98357.649317,98.357649,0.970715,1.195869,339.333138,1.8e-05,1.5e-05,0.97622,0.970715,0.994361
275,275.0,286.362577,13.212577,98064.84035,98.06484,0.967825,1.192986,339.236908,1.8e-05,1.5e-05,0.973866,0.967825,0.993797
300,300.0,286.200092,13.050092,97772.739916,97.77274,0.964942,1.190107,339.140651,1.8e-05,1.5e-05,0.971516,0.964942,0.993233
325,325.0,286.037608,12.887608,97481.346693,97.481347,0.962066,1.187234,339.044367,1.8e-05,1.5e-05,0.969171,0.962066,0.992669
350,350.0,285.875125,12.725125,97190.659363,97.190659,0.959197,1.184367,338.948057,1.8e-05,1.5e-05,0.96683,0.959197,0.992105
375,375.0,285.712644,12.562644,96900.676608,96.900677,0.956335,1.181505,338.85172,1.8e-05,1.5e-05,0.964494,0.956335,0.991541
400,400.0,285.550164,12.400164,96611.397114,96.611397,0.95348,1.178648,338.755357,1.8e-05,1.5e-05,0.962161,0.95348,0.990977
425,425.0,285.387685,12.237685,96322.819566,96.32282,0.950632,1.175796,338.658966,1.8e-05,1.5e-05,0.959834,0.950632,0.990414
450,450.0,285.225207,12.075207,96034.942653,96.034943,0.947791,1.17295,338.56255,1.8e-05,1.5e-05,0.95751,0.947791,0.98985
475,475.0,285.062731,11.912731,95747.765064,95.747765,0.944957,1.170109,338.466106,1.8e-05,1.5e-05,0.955191,0.944957,0.989286
500,500.0,284.900256,11.750256,95461.285491,95.461285,0.94213,1.167273,338.369636,1.8e-05,1.5e-05,0.952876,0.94213,0.988722
525,525.0,284.737782,11.587782,95175.502628,95.175503,0.939309,1.164443,338.273139,1.8e-05,1.5e-05,0.950566,0.939309,0.988158
550,550.0,284.575309,11.425309,94890.41517,94.890415,0.936496,1.161618,338.176615,1.8e-05,1.5e-05,0.948259,0.936496,0.987594
575,574.9,284.412838,11.262838,94606.021812,94.606022,0.933689,1.158798,338.080064,1.8e-05,1.5e-05,0.945957,0.933689,0.98703
600,599.9,284.250368,11.100368,94322.321253,94.322321,0.930889,1.155983,337.983487,1.8e-05,1.5e-05,0.94366,0.930889,0.986467
625,624.9,284.087899,10.937899,94039.312195,94.039312,0.928096,1.153174,337.886883,1.8e-05,1.5e-05,0.941366,0.928096,0.985903
650,649.9,283.925432,10.775432,93756.993338,93.756993,0.92531,1.15037,337.790252,1.8e-05,1.5e-05,0.939077,0.92531,0.985339
675,674.9,283.762966,10.612966,93475.363385,93.475363,0.92253,1.147571,337.693594,1.8e-05,1.5e-05,0.936793,0.92253,0.984775
700,699.9,283.600501,10.450501,93194.421044,93.194421,0.919757,1.144777,337.596909,1.8e-05,1.5e-05,0.934512,0.919757,0.984211
725,724.9,283.438037,10.288037,92914.165019,92.914165,0.916992,1.141989,337.500197,1.8e-05,1.5e-05,0.932236,0.916992,0.983648
750,749.9,283.275575,10.125575,92634.594021,92.634594,0.914232,1.139206,337.403458,1.8e-05,1.5e-05,0.929964,0.914232,0.983084
775,774.9,283.113114,9.963114,92355.706759,92.355707,0.91148,1.136428,337.306692,1.8e-05,1.6e-05,0.927696,0.91148,0.98252
800,799.9,282.950654,9.800654,92077.501945,92.077502,0.908734,1.133655,337.2099,1.8e-05,1.6e-05,0.925433,0.908734,0.981956
825,824.9,282.788196,9.638196,91799.978294,91.799978,0.905995,1.130888,337.11308,1.8e-05,1.6e-05,0.923173,0.905995,0.981392
850,849.9,282.625739,9.475739,91523.134521,91.523135,0.903263,1.128125,337.016233,1.8e-05,1.6e-05,0.920918,0.903263,0.980829
875,874.9,282.463283,9.313283,91246.969343,91.246969,0.900538,1.125368,336.919359,1.8e-05,1.6e-05,0.918668,0.900538,0.980265
900,899.9,282.300828,9.150828,90971.481479,90.971481,0.897819,1.122616,336.822458,1.8e-05,1.6e-05,0.916421,0.897819,0.979701
925,924.9,282.138375,8.988375,90696.66965,90.69667,0.895107,1.119869,336.72553,1.8e-05,1.6e-05,0.914179,0.895107,0.979137
950,949.9,281.975923,8.825923,90422.532578,90.422533,0.892401,1.117128,336.628574,1.8e-05,1.6e-05,0.911941,0.892401,0.978573
975,974.9,281.813472,8.663472,90149.068987,90.149069,0.889702,1.114391,336.531592,1.8e-05,1.6e-05,0.909707,0.889702,0.97801
1000,999.8,281.651022,8.501022,89876.277602,89.876278,0.88701,1.11166,336.434582,1.8e-05,1.6e-05,0.907477,0.88701,0.977446
1025,1024.8,281.488574,8.338574,89604.157152,89.604157,0.884324,1.108933,336.337545,1.8e-05,1.6e-05,0.905252,0.884324,0.976882
1050,1049.8,281.326127,8.176127,89332.706365,89.332706,0.881645,1.106212,336.240481,1.8e-05,1.6e-05,0.903031,0.881645,0.976318
1075,1074.8,281.163681,8.013681,89061.923973,89.061924,0.878973,1.103496,336.14339,1.8e-05,1.6e-05,0.900813,0.878973,0.975755
1100,1099.8,281.001237,7.851237,88791.808707,88.791809,0.876307,1.100786,336.046271,1.8e-05,1.6e-05,0.898601,0.876307,0.975191
1125,1124.8,280.838794,7.688794,88522.359302,88.522359,0.873648,1.09808,335.949125,1.8e-05,1.6e-05,0.896392,0.873648,0.974627
1150,1149.8,280.676352,7.526352,88253.574493,88.253574,0.870995,1.095379,335.851952,1.8e-05,1.6e-05,0.894187,0.870995,0.974063
1175,1174.8,280.513911,7.363911,87985.453019,87.985453,0.868349,1.092684,335.754751,1.8e-05,1.6e-05,0.891987,0.868349,0.9735
1200,1199.8,280.351472,7.201472,87717.993618,87.717994,0.865709,1.089994,335.657523,1.8e-05,1.6e-05,0.889791,0.865709,0.972936
1225,1224.8,280.189034,7.039034,87451.195032,87.451195,0.863076,1.087308,335.560267,1.8e-05,1.6e-05,0.887599,0.863076,0.972372
1250,1249.8,280.026597,6.876597,87185.056003,87.185056,0.86045,1.084628,335.462984,1.7e-05,1.6e-05,0.885411,0.86045,0.971808
1275,1274.7,279.864162,6.714162,86919.575275,86.919575,0.85783,1.081953,335.365674,1.7e-05,1.6e-05,0.883227,0.85783,0.971245
1300,1299.7,279.701728,6.551728,86654.751595,86.654752,0.855216,1.079283,335.268336,1.7e-05,1.6e-05,0.881047,0.855216,0.970681
1325,1324.7,279.539295,6.389295,86390.58371,86.390584,0.852609,1.076618,335.170971,1.7e-05,1.6e-05,0.878872,0.852609,0.970117
1350,1349.7,279.376863,6.226863,86127.070369,86.12707,0.850008,1.073958,335.073578,1.7e-05,1.6e-05,0.876701,0.850008,0.969554
1375,1374.7,279.214433,6.064433,85864.210323,85.86421,0.847414,1.071303,334.976157,1.7e-05,1.6e-05,0.874533,0.847414,0.96899
1400,1399.7,279.052004,5.902004,85602.002325,85.602002,0.844826,1.068653,334.878709,1.7e-05,1.6e-05,0.87237,0.844826,0.968426
1425,1424.7,278.889576,5.739576,85340.44513,85.340445,0.842245,1.066009,334.781234,1.7e-05,1.6e-05,0.870211,0.842245,0.967862
1450,1449.7,278.727149,5.577149,85079.537493,85.079537,0.83967,1.063369,334.68373,1.7e-05,1.6e-05,0.868056,0.83967,0.967299
1475,1474.7,278.564724,5.414724,84819.278173,84.819278,0.837101,1.060734,334.5862,1.7e-05,1.6e-05,0.865905,0.837101,0.966735
1500,1499.6,278.4023,5.2523,84559.665928,84.559666,0.834539,1.058104,334.488641,1.7e-05,1.6e-05,0.863759,0.834539,0.966171
1525,1524.6,278.239877,5.089877,84300.699519,84.3007,0.831983,1.05548,334.391055,1.7e-05,1.6e-05,0.861616,0.831983,0.965608
1550,1549.6,278.077456,4.927456,84042.37771,84.042378,0.829434,1.05286,334.293441,1.7e-05,1.7e-05,0.859478,0.829434,0.965044
1575,1574.6,277.915036,4.765036,83784.699265,83.784699,0.826891,1.050245,334.195799,1.7e-05,1.7e-05,0.857343,0.826891,0.96448
1600,1599.6,277.752617,4.602617,83527.662949,83.527663,0.824354,1.047636,334.09813,1.7e-05,1.7e-05,0.855213,0.824354,0.963917
1625,1624.6,277.590199,4.440199,83271.267531,83.271268,0.821824,1.045031,334.000432,1.7e-05,1.7e-05,0.853086,0.821824,0.963353
1650,1649.6,277.427783,4.277783,83015.511779,83.015512,0.819299,1.042431,333.902707,1.7e-05,1.7e-05,0.850964,0.819299,0.962789
1675,1674.6,277.265368,4.115368,82760.394466,82.760394,0.816782,1.039836,333.804954,1.7e-05,1.7e-05,0.848846,0.816782,0.962226
1700,1699.5,277.102954,3.952954,82505.914363,82.505914,0.81427,1.037247,333.707174,1.7e-05,1.7e-05,0.846732,0.81427,0.961662
1725,1724.5,276.940542,3.790542,82252.070245,82.25207,0.811765,1.034662,333.609365,1.7e-05,1.7e-05,0.844622,0.811765,0.961099
1750,1749.5,276.778131,3.628131,81998.860887,81.998861,0.809266,1.032082,333.511528,1.7e-05,1.7e-05,0.842516,0.809266,0.960535
1775,1774.5,276.615721,3.465721,81746.285069,81.746285,0.806773,1.029507,333.413664,1.7e-05,1.7e-05,0.840414,0.806773,0.959971
1800,1799.5,276.453312,3.303312,81494.341568,81.494342,0.804287,1.026937,333.315771,1.7e-05,1.7e-05,0.838316,0.804287,0.959408
1825,1824.5,276.290905,3.140905,81243.029166,81.243029,0.801806,1.024372,333.217851,1.7e-05,1.7e-05,0.836222,0.801806,0.958844
1850,1849.5,276.128499,2.978499,80992.346646,80.992347,0.799332,1.021812,333.119902,1.7e-05,1.7e-05,0.834132,0.799332,0.95828
1875,1874.4,275.966094,2.816094,80742.292791,80.742293,0.796864,1.019256,333.021926,1.7e-05,1.7e-05,0.832046,0.796864,0.957717
1900,1899.4,275.80369,2.65369,80492.866388,80.492866,0.794403,1.016706,332.923921,1.7e-05,1.7e-05,0.829964,0.794403,0.957153
1925,1924.4,275.641288,2.491288,80244.066224,80.244066,0.791947,1.014161,332.825888,1.7e-05,1.7e-05,0.827886,0.791947,0.95659
1950,1949.4,275.478887,2.328887,79995.891089,79.995891,0.789498,1.01162,332.727827,1.7e-05,1.7e-05,0.825812,0.789498,0.956026
1975,1974.4,275.316487,2.166487,79748.339773,79.74834,0.787055,1.009085,332.629739,1.7e-05,1.7e-05,0.823742,0.787055,0.955462
2000,1999.4,275.154089,2.004089,79501.411068,79.501411,0.784618,1.006554,332.531621,1.7e-05,1.7e-05,0.821677,0.784618,0.954899
2250,2249.2,273.530175,0.380175,77066.103202,77.066103,0.760583,0.981513,331.548896,1.7e-05,1.8e-05,0.801235,0.760583,0.949263
2500,2499.0,271.906388,-1.243612,74691.740434,74.69174,0.73715,0.956954,330.563326,1.7e-05,1.8e-05,0.781187,0.73715,0.943628
2750,2748.8,270.28273,-2.86727,72377.142194,72.377142,0.714307,0.93287,329.574888,1.7e-05,1.8e-05,0.761527,0.714307,0.937993
3000,2998.6,268.659198,-4.490802,70121.144068,70.121144,0.692042,0.909254,328.583553,1.7e-05,1.9e-05,0.742248,0.692042,0.932359
3250,3248.3,267.035795,-6.114205,67922.597665,67.922598,0.670344,0.8861,327.589298,1.7e-05,1.9e-05,0.723347,0.670344,0.926725
3500,3498.1,265.412519,-7.737481,65780.370492,65.78037,0.649202,0.863402,326.592093,1.7e-05,1.9e-05,0.704818,0.649202,0.921092
3750,3747.8,263.789371,-9.360629,63693.345824,63.693346,0.628604,0.841153,325.591914,1.7e-05,2e-05,0.686655,0.628604,0.915459
4000,3997.5,262.16635,-10.98365,61660.422574,61.660423,0.608541,0.819347,324.588731,1.7e-05,2e-05,0.668854,0.608541,0.909826
4250,4247.2,260.543457,-12.606543,59680.515166,59.680515,0.589001,0.797977,323.582518,1.7e-05,2.1e-05,0.65141,0.589001,0.904194
4500,4496.8,258.920692,-14.229308,57752.55341,57.752553,0.569973,0.777039,322.573245,1.6e-05,2.1e-05,0.634317,0.569973,0.898562
4750,4746.5,257.298054,-15.851946,55875.482369,55.875482,0.551448,0.756524,321.560885,1.6e-05,2.2e-05,0.617571,0.551448,0.892931
5000,4996.1,255.675543,-17.474457,54048.262238,54.048262,0.533415,0.736429,320.545407,1.6e-05,2.2e-05,0.601166,0.533415,0.8873
5250,5245.7,254.05316,-19.09684,52269.868211,52.269868,0.515863,0.716745,319.526782,1.6e-05,2.3e-05,0.585098,0.515863,0.88167
5500,5495.2,252.430905,-20.719095,50539.29036,50.53929,0.498784,0.697469,318.50498,1.6e-05,2.3e-05,0.569362,0.498784,0.87604
5750,5744.8,250.808777,-22.341223,48855.533508,48.855534,0.482167,0.678593,317.479969,1.6e-05,2.4e-05,0.553953,0.482167,0.87041
6000,5994.3,249.186776,-23.963224,47217.617099,47.217617,0.466002,0.660111,316.45172,1.6e-05,2.4e-05,0.538866,0.466002,0.864781
6250,6243.9,247.564903,-25.585097,45624.575077,45.624575,0.45028,0.642019,315.4202,1.6e-05,2.5e-05,0.524097,0.45028,0.859153
6500,6493.4,245.943158,-27.206842,44075.45576,44.075456,0.434991,0.62431,314.385377,1.6e-05,2.5e-05,0.509641,0.434991,0.853525
6750,6742.8,244.32154,-28.82846,42569.321714,42.569322,0.420127,0.606978,313.347218,1.6e-05,2.6e-05,0.495492,0.420127,0.847897
7000,6992.3,242.700049,-30.449951,41105.249629,41.10525,0.405677,0.590018,312.30569,1.6e-05,2.6e-05,0.481648,0.405677,0.84227
7250,7241.7,241.078686,-32.071314,39682.330197,39.68233,0.391634,0.573425,311.260759,1.6e-05,2.7e-05,0.468102,0.391634,0.836643
7500,7491.2,239.45745,-33.69255,38299.667984,38.299668,0.377988,0.557192,310.212391,1.5e-05,2.8e-05,0.45485,0.377988,0.831017
7750,7740.6,237.836341,-35.313659,36956.38131,36.956381,0.364731,0.541314,309.160551,1.5e-05,2.8e-05,0.441889,0.364731,0.825391
8000,7989.9,236.21536,-36.93464,35651.602124,35.651602,0.351854,0.525786,308.105202,1.5e-05,2.9e-05,0.429213,0.351854,0.819765
8250,8239.3,234.594506,-38.555494,34384.475885,34.384476,0.339348,0.510602,307.04631,1.5e-05,3e-05,0.416818,0.339348,0.81414
8500,8488.6,232.973779,-40.176221,33154.161432,33.154161,0.327206,0.495757,305.983837,1.5e-05,3e-05,0.4047,0.327206,0.808516
8750,8738.0,231.35318,-41.79682,31959.83087,31.959831,0.315419,0.481246,304.917746,1.5e-05,3.1e-05,0.392854,0.315419,0.802891
9000,8987.3,229.732708,-43.417292,30800.669445,30.800669,0.303979,0.467063,303.847999,1.5e-05,3.2e-05,0.381276,0.303979,0.797268
9250,9236.6,228.112363,-45.037637,29675.875418,29.675875,0.292878,0.453203,302.774556,1.5e-05,3.3e-05,0.369962,0.292878,0.791645
9500,9485.8,226.492146,-46.657854,28584.659953,28.58466,0.282109,0.439661,301.697379,1.5e-05,3.4e-05,0.358907,0.282109,0.786022
9750,9735.1,224.872056,-48.277944,27526.246989,27.526247,0.271663,0.426432,300.616428,1.5e-05,3.4e-05,0.348108,0.271663,0.780399
10000,9984.3,223.252093,-49.897907,26499.873123,26.499873,0.261533,0.41351,299.53166,1.5e-05,3.5e-05,0.337559,0.261533,0.774777
10250,10233.5,221.632257,-51.517743,25504.787487,25.504787,0.251713,0.400891,298.443036,1.4e-05,3.6e-05,0.327258,0.251713,0.769156
10500,10482.7,220.012548,-53.137452,24540.251632,24.540252,0.242193,0.38857,297.350512,1.4e-05,3.7e-05,0.3172,0.242193,0.763535
10750,10731.9,218.392967,-54.757033,23605.539407,23.605539,0.232969,0.376542,296.254045,1.4e-05,3.8e-05,0.307381,0.232969,0.757914
11000,10981.0,216.773513,-56.376487,22699.936837,22.699937,0.224031,0.364801,295.153591,1.4e-05,3.9e-05,0.297797,0.224031,0.752294
11250,11230.1,216.65,-56.5,21825.488606,21.825489,0.215401,0.350948,295.069494,1.4e-05,4.1e-05,0.286489,0.215401,0.751865
11500,11479.2,216.65,-56.5,20984.772728,20.984773,0.207104,0.33743,295.069494,1.4e-05,4.2e-05,0.275453,0.207104,0.751865
11750,11728.3,216.65,-56.5,20176.503375,20.176503,0.199127,0.324433,295.069494,1.4e-05,4.4e-05,0.264843,0.199127,0.751865
12000,11977.4,216.65,-56.5,19399.42591,19.399426,0.191457,0.311938,295.069494,1.4e-05,4.6e-05,0.254643,0.191457,0.751865
12250,12226.4,216.65,-56.5,18652.334302,18.652334,0.184084,0.299925,295.069494,1.4e-05,4.7e-05,0.244837,0.184084,0.751865
12500,12475.5,216.65,-56.5,17934.069242,17.934069,0.176996,0.288375,295.069494,1.4e-05,4.9e-05,0.235409,0.176996,0.751865
12750,12724.5,216.65,-56.5,17243.516324,17.243516,0.17018,0.277272,295.069494,1.4e-05,5.1e-05,0.226344,0.17018,0.751865
13000,12973.5,216.65,-56.5,16579.604309,16.579604,0.163628,0.266596,295.069494,1.4e-05,5.3e-05,0.217629,0.163628,0.751865
13250,13222.4,216.65,-56.5,15941.303446,15.941303,0.157328,0.256332,295.069494,1.4e-05,5.5e-05,0.209251,0.157328,0.751865
13500,13471.4,216.65,-56.5,15327.623862,15.327624,0.151272,0.246464,295.069494,1.4e-05,5.8e-05,0.201195,0.151272,0.751865
13750,13720.3,216.65,-56.5,14737.614019,14.737614,0.145449,0.236977,295.069494,1.4e-05,6e-05,0.193451,0.145449,0.751865
14000,13969.2,216.65,-56.5,14170.359218,14.170359,0.139851,0.227856,295.069494,1.4e-05,6.2e-05,0.186005,0.139851,0.751865
14250,14218.1,216.65,-56.5,13624.980181,13.62498,0.134468,0.219086,295.069494,1.4e-05,6.5e-05,0.178846,0.134468,0.751865
14500,14467.0,216.65,-56.5,13100.631668,13.100632,0.129293,0.210655,295.069494,1.4e-05,6.7e-05,0.171963,0.129293,0.751865
14750,14715.9,216.65,-56.5,12596.501159,12.596501,0.124318,0.202549,295.069494,1.4e-05,7e-05,0.165346,0.124318,0.751865
15000,14964.7,216.65,-56.5,12111.807589,12.111808,0.119534,0.194755,295.069494,1.4e-05,7.3e-05,0.158984,0.119534,0.751865
15250,15213.5,216.65,-56.5,11645.800123,11.6458,0.114935,0.187262,295.069494,1.4e-05,7.6e-05,0.152867,0.114935,0.751865
15500,15462.3,216.65,-56.5,11197.756986,11.197757,0.110513,0.180057,295.069494,1.4e-05,7.9e-05,0.146985,0.110513,0.751865
15750,15711.1,216.65,-56.5,10766.984334,10.766984,0.106262,0.17313,295.069494,1.4e-05,8.2e-05,0.141331,0.106262,0.751865
16000,15959.8,216.65,-56.5,10352.815177,10.352815,0.102174,0.166471,295.069494,1.4e-05,8.5e-05,0.135894,0.102174,0.751865
16250,16208.6,216.65,-56.5,9954.608329,9.954608,0.098244,0.160068,295.069494,1.4e-05,8.9e-05,0.130667,0.098244,0.751865
16500,16457.3,216.65,-56.5,9571.747416,9.571747,0.094466,0.153911,295.069494,1.4e-05,9.2e-05,0.125642,0.094466,0.751865
16750,16706.0,216.65,-56.5,9203.639908,9.20364,0.090833,0.147992,295.069494,1.4e-05,9.6e-05,0.12081,0.090833,0.751865
17000,16954.7,216.65,-56.5,8849.716198,8.849716,0.08734,0.142301,295.069494,1.4e-05,0.0001,0.116164,0.08734,0.751865
17250,17203.3,216.65,-56.5,8509.428712,8.509429,0.083982,0.13683,295.069494,1.4e-05,0.000104,0.111698,0.083982,0.751865
17500,17452.0,216.65,-56.5,8182.251058,8.182251,0.080753,0.131569,295.069494,1.4e-05,0.000108,0.107403,0.080753,0.751865
17750,17700.6,216.65,-56.5,7867.6772,7.867677,0.077648,0.12651,295.069494,1.4e-05,0.000112,0.103274,0.077648,0.751865
18000,17949.2,216.65,-56.5,7565.220674,7.565221,0.074663,0.121647,295.069494,1.4e-05,0.000117,0.099304,0.074663,0.751865
18250,18197.8,216.65,-56.5,7274.413828,7.274414,0.071793,0.116971,295.069494,1.4e-05,0.000122,0.095486,0.071793,0.751865
18500,18446.3,216.65,-56.5,6994.807092,6.994807,0.069033,0.112475,295.069494,1.4e-05,0.000126,0.091816,0.069033,0.751865
18750,18694.9,216.65,-56.5,6725.968278,6.725968,0.06638,0.108152,295.069494,1.4e-05,0.000131,0.088287,0.06638,0.751865
19000,18943.4,216.65,-56.5,6467.481909,6.467482,0.063829,0.103996,295.069494,1.4e-05,0.000137,0.084894,0.063829,0.751865
19250,19191.9,216.65,-56.5,6218.948567,6.218949,0.061376,0.099999,295.069494,1.4e-05,0.000142,0.081632,0.061376,0.751865
19500,19440.4,216.65,-56.5,5979.984276,5.979984,0.059018,0.096157,295.069494,1.4e-05,0.000148,0.078495,0.059018,0.751865
19750,19688.8,216.65,-56.5,5750.219901,5.75022,0.05675,0.092462,295.069494,1.4e-05,0.000154,0.075479,0.05675,0.751865
20000,19937.3,216.65,-56.5,5529.300574,5.529301,0.05457,0.08891,295.069494,1.4e-05,0.00016,0.072579,0.05457,0.751865
20250,20185.7,216.835697,-56.314303,5316.951826,5.316952,0.052474,0.085422,295.195923,1.4e-05,0.000167,0.069732,0.052474,0.75251
20500,20434.1,217.084102,-56.065898,5112.995799,5.112996,0.050461,0.082051,295.364961,1.4e-05,0.000174,0.066981,0.050461,0.753372
20750,20682.5,217.332487,-55.817513,4917.09844,4.917098,0.048528,0.078817,295.53389,1.4e-05,0.000181,0.064341,0.048528,0.754234
21000,20930.9,217.580854,-55.569146,4728.932092,4.728932,0.046671,0.075715,295.702709,1.4e-05,0.000188,0.061808,0.046671,0.755096
21250,21179.2,217.8292,-55.3208,4548.182793,4.548183,0.044887,0.072738,295.871418,1.4e-05,0.000196,0.059378,0.044887,0.755958
21500,21427.5,218.077527,-55.072473,4374.549689,4.37455,0.043173,0.069881,296.040018,1.4e-05,0.000205,0.057046,0.043173,0.756819
21750,21675.8,218.325835,-54.824165,4207.744474,4.207744,0.041527,0.06714,296.208509,1.4e-05,0.000213,0.054808,0.041527,0.757681
22000,21924.1,218.574123,-54.575877,4047.49085,4.047491,0.039946,0.06451,296.37689,1.4e-05,0.000222,0.052661,0.039946,0.758543
22250,22172.4,218.822392,-54.327608,3893.524014,3.893524,0.038426,0.061985,296.545163,1.4e-05,0.000231,0.0506,0.038426,0.759404
22500,22420.6,219.070641,-54.079359,3745.590167,3.74559,0.036966,0.059563,296.713328,1.4e-05,0.000241,0.048623,0.036966,0.760266
22750,22668.9,219.318871,-53.831129,3603.446043,3.603446,0.035563,0.057237,296.881384,1.4e-05,0.000251,0.046724,0.035563,0.761127
23000,22917.1,219.567082,-53.582918,3466.858464,3.466858,0.034215,0.055006,297.049331,1.4e-05,0.000261,0.044903,0.034215,0.761989
23250,23165.3,219.815273,-53.334727,3335.603904,3.335604,0.03292,0.052863,297.217171,1.4e-05,0.000272,0.043154,0.03292,0.76285
23500,23413.4,220.063444,-53.086556,3209.468083,3.209468,0.031675,0.050807,297.384903,1.4e-05,0.000283,0.041475,0.031675,0.763711
23750,23661.6,220.311596,-52.838404,3088.245574,3.088246,0.030479,0.048833,297.552527,1.4e-05,0.000295,0.039864,0.030479,0.764573
24000,23909.7,220.559729,-52.590271,2971.739426,2.971739,0.029329,0.046938,297.720044,1.4e-05,0.000307,0.038317,0.029329,0.765434
24250,24157.8,220.807842,-52.342158,2859.760802,2.859761,0.028224,0.045118,297.887453,1.4e-05,0.00032,0.036831,0.028224,0.766295
24500,24405.9,221.055936,-52.094064,2752.128644,2.752129,0.027161,0.043372,298.054755,1.4e-05,0.000333,0.035405,0.027161,0.767156
24750,24654.0,221.30401,-51.84599,2648.669333,2.648669,0.02614,0.041694,298.22195,1.4e-05,0.000347,0.034036,0.02614,0.768017
25000,24902.1,221.552065,-51.597935,2549.216385,2.549216,0.025159,0.040084,298.389039,1.4e-05,0.000361,0.032721,0.025159,0.768878
25250,25150.1,221.8001,-51.3499,2453.610141,2.45361,0.024215,0.038537,298.556021,1.4e-05,0.000376,0.031459,0.024215,0.769738
25500,25398.1,222.048116,-51.101884,2361.697488,2.361697,0.023308,0.037052,298.722896,1.5e-05,0.000392,0.030247,0.023308,0.770599
25750,25646.1,222.296113,-50.853887,2273.331576,2.273332,0.022436,0.035626,298.889665,1.5e-05,0.000408,0.029083,0.022436,0.77146
26000,25894.1,222.54409,-50.60591,2188.371559,2.188372,0.021598,0.034257,299.056328,1.5e-05,0.000424,0.027964,0.021598,0.77232
26250,26142.0,222.792048,-50.357952,2106.682341,2.106682,0.020791,0.032941,299.222886,1.5e-05,0.000442,0.026891,0.020791,0.773181
26500,26390.0,223.039986,-50.110014,2028.134338,2.028134,0.020016,0.031678,299.389337,1.5e-05,0.00046,0.025859,0.020016,0.774041
26750,26637.9,223.287905,-49.862095,1952.603242,1.952603,0.019271,0.030464,299.555683,1.5e-05,0.000479,0.024869,0.019271,0.774902
27000,26885.8,223.535804,-49.614196,1879.969803,1.87997,0.018554,0.029298,299.721924,1.5e-05,0.000498,0.023917,0.018554,0.775762
27250,27133.7,223.783684,-49.366316,1810.11962,1.81012,0.017864,0.028178,299.88806,1.5e-05,0.000518,0.023003,0.017864,0.776622
27500,27381.5,224.031545,-49.118455,1742.942933,1.742943,0.017202,0.027103,300.05409,1.5e-05,0.000539,0.022125,0.017202,0.777482
27750,27629.4,224.279386,-48.870614,1678.334433,1.678334,0.016564,0.026069,300.220016,1.5e-05,0.000561,0.021281,0.016564,0.778342
28000,27877.2,224.527208,-48.622792,1616.193078,1.616193,0.015951,0.025076,300.385837,1.5e-05,0.000584,0.02047,0.015951,0.779203
28250,28125.0,224.77501,-48.37499,1556.421912,1.556422,0.015361,0.024122,300.551554,1.5e-05,0.000608,0.019692,0.015361,0.780063
28500,28372.8,225.022793,-48.127207,1498.927897,1.498928,0.014793,0.023206,300.717166,1.5e-05,0.000632,0.018943,0.014793,0.780922
28750,28620.6,225.270557,-47.879443,1443.621749,1.443622,0.014247,0.022325,300.882674,1.5e-05,0.000658,0.018224,0.014247,0.781782
29000,28868.3,225.518301,-47.631699,1390.417785,1.390418,0.013722,0.021478,301.048079,1.5e-05,0.000684,0.017533,0.013722,0.782642
29250,29116.0,225.766026,-47.383974,1339.233772,1.339234,0.013217,0.020665,301.213379,1.5e-05,0.000712,0.016869,0.013217,0.783502
29500,29363.7,226.013731,-47.136269,1289.990783,1.289991,0.012731,0.019883,301.378576,1.5e-05,0.000741,0.016231,0.012731,0.784361
29750,29611.4,226.261417,-46.888583,1242.613064,1.242613,0.012264,0.019132,301.54367,1.5e-05,0.00077,0.015618,0.012264,0.785221
30000,29859.1,226.509084,-46.640916,1197.027901,1.197028,0.011814,0.01841,301.70866,1.5e-05,0.000801,0.015029,0.011814,0.78608
